image,helmet_count,head_count,person_count,compliance_%,status,timestamp
005298_jpg.rf.7fca52167e38f755a5e2b50c5a9fb237.jpg,5,0,0,100.0,SAFE,2026-03-03 15:16:10
005299_jpg.rf.9bf449cf240e0ca54a5c3d309c75ae16.jpg,1,0,0,100.0,SAFE,2026-03-03 15:16:10
005300_jpg.rf.a1ee1f2a5099cfd0d90d1f25410be987.jpg,1,0,0,100.0,SAFE,2026-03-03 15:16:10
005301_jpg.rf.970458d312c57a5a67ab3dfbc0eccc6b.jpg,0,5,0,0.0,VIOLATION,2026-03-03 15:16:10
005302_jpg.rf.7e417fee6a382ef24f7a775e765848f6.jpg,1,0,0,100.0,SAFE,2026-03-03 15:16:10
005303_jpg.rf.63d0919585d53c39f941bcec8b3340e0.jpg,4,0,0,100.0,SAFE,2026-03-03 15:16:10
005304_jpg.rf.8cbc4c0b12f4bf370926b2ee24f30497.jpg,4,0,0,100.0,SAFE,2026-03-03 15:16:11
005305_jpg.rf.4d31f4defdb10546922eb1f4e47c83d9.jpg,1,0,0,100.0,SAFE,2026-03-03 15:16:11
005306_jpg.rf.1fb8b6124493634968810abc9173de36.jpg,1,0,0,100.0,SAFE,2026-03-03 15:16:11
005307_jpg.rf.39a2f5dfde4be32ec30c2b0079826410.jpg,2,0,0,100.0,SAFE,2026-03-03 15:16:11
005308_jpg.rf.a4789b9757090b01e7d279193e302c7c.jpg,2,1,0,66.67,VIOLATION,2026-03-03 15:16:11
005309_jpg.rf.3376d48d7090b15d8f64a2df5df1dd61.jpg,2,0,0,100.0,SAFE,2026-03-03 15:16:11
005310_jpg.rf.9e5b6200a9603b46aaa2c1124b05d8ef.jpg,1,0,0,100.0,SAFE,2026-03-03 15:16:11
005311_jpg.rf.dd95cecd587fd744e30331d15c76ad03.jpg,3,0,0,100.0,SAFE,2026-03-03 15:16:11
005312_jpg.rf.82aafb0a0e851bac73d33c8748193685.jpg,1,0,0,100.0,SAFE,2026-03-03 15:16:11
005313_jpg.rf.b2e990a090d30195180b6be9ecfae2a2.jpg,1,0,0,100.0,SAFE,2026-03-03 15:16:11
005314_jpg.rf.3580746aefa2eacbbd7001310e6be3d0.jpg,3,0,0,100.0,SAFE,2026-03-03 15:16:11
005315_jpg.rf.8fd66cc3b13f763ccc943bf530c707e1.jpg,2,0,0,100.0,SAFE,2026-03-03 15:16:11
005316_jpg.rf.33237ceab26fd904b00efcaf726007c4.jpg,4,0,0,100.0,SAFE,2026-03-03 15:16:11
005317_jpg.rf.ed44d159383332a58498e4bb4607081f.jpg,6,0,0,100.0,SAFE,2026-03-03 15:16:11
005318_jpg.rf.abcf2537de938afcbd6c7b8ab0ce43d6.jpg,4,0,0,100.0,SAFE,2026-03-03 15:16:11
005319_jpg.rf.55dcf5a816a57f749d738f6650b74527.jpg,1,0,0,100.0,SAFE,2026-03-03 15:16:11
005320_jpg.rf.3678e78b4b56e195fd502dfc477ac734.jpg,1,0,0,100.0,SAFE,2026-03-03 15:16:11
005321_jpg.rf.97b15e3fba3b1cd47c022cd320d20efe.jpg,2,0,0,100.0,SAFE,2026-03-03 15:16:12
005322_jpg.rf.0409ddbbbb7911602f066e745ddf5a9e.jpg,1,0,0,100.0,SAFE,2026-03-03 15:16:12
005323_jpg.rf.87f92aff69b05fbf70756e55c3bd64ac.jpg,3,0,0,100.0,SAFE,2026-03-03 15:16:12
005324_jpg.rf.bcbaea779be6c9216a6de78f6355a5c7.jpg,1,0,0,100.0,SAFE,2026-03-03 15:16:12
005325_jpg.rf.3858f1c7e20cbac8039940eec70229fc.jpg,0,8,0,0.0,VIOLATION,2026-03-03 15:16:12
005326_jpg.rf.3c448a8dd9fc44cdeb721dc46eb08d9a.jpg,0,0,0,100.0,SAFE,2026-03-03 15:16:12
005327_jpg.rf.b3f3ad3b5ab0b1cdc9d367c420f449f4.jpg,4,0,0,100.0,SAFE,2026-03-03 15:16:12
005328_jpg.rf.801be3f8aeb59aca29270ddd2cc3365a.jpg,1,0,0,100.0,SAFE,2026-03-03 15:16:12
005329_jpg.rf.6b49046c327ddc0b2e089029614c0d7d.jpg,1,0,0,100.0,SAFE,2026-03-03 15:16:12
005330_jpg.rf.ccac21ea258a1ae9c4b3494055c9b94b.jpg,3,0,0,100.0,SAFE,2026-03-03 15:16:12
005331_jpg.rf.cfe0ad7ec4ca378e433393ca2f928456.jpg,11,0,0,100.0,SAFE,2026-03-03 15:16:12
005332_jpg.rf.fb2d4b31f3c6a04ad112521b16d17fde.jpg,3,0,0,100.0,SAFE,2026-03-03 15:16:12
005333_jpg.rf.86fda2a49d2c67a56687b163f9c9712a.jpg,3,0,0,100.0,SAFE,2026-03-03 15:16:12
005334_jpg.rf.35e54a0e241c11fc4f66573e226dc10b.jpg,2,0,0,100.0,SAFE,2026-03-03 15:16:12
005335_jpg.rf.a6371b29d0173aa80b209ddeb955490f.jpg,1,0,0,100.0,SAFE,2026-03-03 15:16:12
005336_jpg.rf.895fdbddef58a5793cab7478a5c36859.jpg,2,0,0,100.0,SAFE,2026-03-03 15:16:12
005337_jpg.rf.d850aa9dde6f170ba1787d97016afeab.jpg,3,0,0,100.0,SAFE,2026-03-03 15:16:12
005338_jpg.rf.42b8308b0232df0b2c461629dd24dd63.jpg,2,0,0,100.0,SAFE,2026-03-03 15:16:13
005339_jpg.rf.69d42cd95f4adff27bf14d3123a6084a.jpg,1,0,0,100.0,SAFE,2026-03-03 15:16:13
005340_jpg.rf.7f59aa3e1d245b88f797bb751bf5046b.jpg,1,0,0,100.0,SAFE,2026-03-03 15:16:13
005341_jpg.rf.4e0635fe588ff16dbf21c203ee3556b9.jpg,2,0,0,100.0,SAFE,2026-03-03 15:16:13
005342_jpg.rf.19ecb220bc386a5bd17e0dd6bd7e6cbf.jpg,3,0,0,100.0,SAFE,2026-03-03 15:16:13
005343_jpg.rf.1e61efc7f38de3496ca86306d61491fa.jpg,5,0,0,100.0,SAFE,2026-03-03 15:16:13
005344_jpg.rf.1aada37f56eaea74e4d20eaf5ae69956.jpg,2,0,0,100.0,SAFE,2026-03-03 15:16:13
005345_jpg.rf.74fbd856d1225c36c9872545e290fc4f.jpg,1,0,0,100.0,SAFE,2026-03-03 15:16:13
005346_jpg.rf.1cef9512776888c6dee714241f01c80f.jpg,9,1,0,90.0,VIOLATION,2026-03-03 15:16:13
005347_jpg.rf.942f4527bcfc95253cebfbb3dead6011.jpg,2,0,0,100.0,SAFE,2026-03-03 15:16:13
005348_jpg.rf.67fa4b0f50046ed4d07b4a6fb4eff690.jpg,3,0,0,100.0,SAFE,2026-03-03 15:16:13
005349_jpg.rf.a92598695b3feb92ac2c07c2e54eb5da.jpg,1,0,0,100.0,SAFE,2026-03-03 15:16:13
005350_jpg.rf.be29a57a9c88a80bcdb1c2bc37e9af07.jpg,1,0,0,100.0,SAFE,2026-03-03 15:16:13
005351_jpg.rf.dd4ac0e4d8007c45ba60e904173c85ac.jpg,2,0,0,100.0,SAFE,2026-03-03 15:16:13
005352_jpg.rf.c26a65d686ddd3969ffa35f3e5c7035e.jpg,3,0,0,100.0,SAFE,2026-03-03 15:16:13
005353_jpg.rf.7058f7e8defda7fd49cc6c8c61ca4177.jpg,1,0,0,100.0,SAFE,2026-03-03 15:16:13
005354_jpg.rf.eb7c0f95bbf031e51f29ed5115eceae6.jpg,1,0,0,100.0,SAFE,2026-03-03 15:16:13
005355_jpg.rf.9ddca078cd17a0b9c0a9f7bf5e39b67f.jpg,8,0,0,100.0,SAFE,2026-03-03 15:16:14
005356_jpg.rf.6b585d4070ef9ba2e7ad99781305a64d.jpg,2,0,0,100.0,SAFE,2026-03-03 15:16:14
005357_jpg.rf.eb4822c8ef0e6cd8b4dd9bd2e7c5bc41.jpg,1,1,0,50.0,VIOLATION,2026-03-03 15:16:14
005358_jpg.rf.e1bb6ffd4e87af61055d48f79f6a030f.jpg,6,1,0,85.71,VIOLATION,2026-03-03 15:16:14
005359_jpg.rf.4c4b43c7a9e6ea38a19eafc02588b35f.jpg,2,0,0,100.0,SAFE,2026-03-03 15:16:14
005360_jpg.rf.3e89392c4f20f27e348919ed9523d31c.jpg,5,6,0,45.45,VIOLATION,2026-03-03 15:16:14
005361_jpg.rf.2c6836cd6b947d4b8e08b2272f6625da.jpg,2,0,0,100.0,SAFE,2026-03-03 15:16:14
005362_jpg.rf.a375345f7b37472c5aed995c3244c0a1.jpg,10,0,0,100.0,SAFE,2026-03-03 15:16:14
005363_jpg.rf.2e2a7e86680b62335ef4039a20943dd3.jpg,4,0,0,100.0,SAFE,2026-03-03 15:16:14
005364_jpg.rf.061e62fa2ada9cd2e6e758b55ed7fdfd.jpg,3,0,0,100.0,SAFE,2026-03-03 15:16:14
005365_jpg.rf.44ec0bcb21259a3d88776a694eb1294d.jpg,6,0,0,100.0,SAFE,2026-03-03 15:16:14
005366_jpg.rf.9495735d015de44af53c23cf88e5bcd0.jpg,1,0,0,100.0,SAFE,2026-03-03 15:16:14
005367_jpg.rf.5c65ccc705b43536903c69b6ef8ea445.jpg,0,2,0,0.0,VIOLATION,2026-03-03 15:16:14
005368_jpg.rf.3698e3bd530ad4440ff67fea95fa7d77.jpg,4,0,1,100.0,SAFE,2026-03-03 15:16:14
005369_jpg.rf.475b8c8324f072051035b5191e981efe.jpg,4,0,0,100.0,SAFE,2026-03-03 15:16:14
005370_jpg.rf.5f9302a4bee195ce6cbdb2bed6ee9f72.jpg,1,0,0,100.0,SAFE,2026-03-03 15:16:14
005371_jpg.rf.1e9bcdfb8942e0068c59e158ecad007d.jpg,2,5,0,28.57,VIOLATION,2026-03-03 15:16:14
005372_jpg.rf.2e5bf2a8d4db450db86a17a325cef458.jpg,7,0,0,100.0,SAFE,2026-03-03 15:16:15
005373_jpg.rf.8d18c14ed9ed2c88fc160d4742c9a154.jpg,6,0,0,100.0,SAFE,2026-03-03 15:16:15
005374_jpg.rf.c19a73bc60f287f5082109e277172477.jpg,2,0,0,100.0,SAFE,2026-03-03 15:16:15
005375_jpg.rf.bc428b0f66a971d212def0b7f8a36f5c.jpg,1,0,0,100.0,SAFE,2026-03-03 15:16:15
005376_jpg.rf.34308cb641eaf9b88843c62665247f30.jpg,4,2,0,66.67,VIOLATION,2026-03-03 15:16:15
005377_jpg.rf.c0908b7be5dc12097059bd240b26d10c.jpg,1,0,0,100.0,SAFE,2026-03-03 15:16:15
005378_jpg.rf.49c34cb2f5a60d9077fe36eed8dd6d67.jpg,10,1,0,90.91,VIOLATION,2026-03-03 15:16:15
005379_jpg.rf.a20361651a3c506159f2d73efa2d32c7.jpg,0,8,0,0.0,VIOLATION,2026-03-03 15:16:15
005380_jpg.rf.5815ec9d6c35074d61ed34917902817f.jpg,1,0,0,100.0,SAFE,2026-03-03 15:16:15
005381_jpg.rf.ee283b0d490dc82772b8b1d332cecd82.jpg,2,0,0,100.0,SAFE,2026-03-03 15:16:15
005382_jpg.rf.86c95153234dee640c34778ea71ab3f0.jpg,6,1,0,85.71,VIOLATION,2026-03-03 15:16:15
005383_jpg.rf.ba2ff59349304f3fddc9be71e4d29973.jpg,0,6,0,0.0,VIOLATION,2026-03-03 15:16:15
005384_jpg.rf.b953c07f855abbdcf5fabaa7843dd915.jpg,2,0,0,100.0,SAFE,2026-03-03 15:16:15
005385_jpg.rf.8da9729159e6ff1299ad8374defe9b9c.jpg,0,7,0,0.0,VIOLATION,2026-03-03 15:16:15
005386_jpg.rf.123788b90cccbe0e346afe32f09e19b0.jpg,0,8,0,0.0,VIOLATION,2026-03-03 15:16:15
005387_jpg.rf.54579ca23fd4ba8b0d8ba6efde07210e.jpg,6,0,0,100.0,SAFE,2026-03-03 15:16:15
005388_jpg.rf.4c5c6d8f5c39f73d0db50f7c64e78ee8.jpg,3,0,0,100.0,SAFE,2026-03-03 15:16:16
005389_jpg.rf.c4b1edb7af1e6293f6d4b5fd17bc0aef.jpg,2,0,0,100.0,SAFE,2026-03-03 15:16:16
005390_jpg.rf.713963c8beb5ff9d30b4b25441e2b5cb.jpg,1,0,0,100.0,SAFE,2026-03-03 15:16:16
005391_jpg.rf.0c25f7d0097163116c47cf827a4a8673.jpg,1,7,0,12.5,VIOLATION,2026-03-03 15:16:16
005392_jpg.rf.8619522f961a7329cbb000e19182208c.jpg,7,0,0,100.0,SAFE,2026-03-03 15:16:16
005393_jpg.rf.1babca232fd95a36ddbac62aef172d8f.jpg,14,0,0,100.0,SAFE,2026-03-03 15:16:16
005394_jpg.rf.d3fd530a912c2595b7004ec28f0abdca.jpg,2,0,0,100.0,SAFE,2026-03-03 15:16:16
005395_jpg.rf.5bf4e91c2741dd1c6cba71e7cde2243a.jpg,2,0,0,100.0,SAFE,2026-03-03 15:16:16
005396_jpg.rf.aca3c44a806098730399d957e17b5156.jpg,1,0,0,100.0,SAFE,2026-03-03 15:16:16
005397_jpg.rf.cee5f8febe4f994dea66d3e72e48a0ce.jpg,5,0,0,100.0,SAFE,2026-03-03 15:16:16
005398_jpg.rf.3732578defcfbc29a526314a5383e7c9.jpg,3,5,0,37.5,VIOLATION,2026-03-03 15:16:16
005399_jpg.rf.65cc61d45cf54b5db799474111281646.jpg,2,0,0,100.0,SAFE,2026-03-03 15:16:16
005400_jpg.rf.41864a0ad4c3c28b5dc097fa98fd3723.jpg,2,0,0,100.0,SAFE,2026-03-03 15:16:16
005401_jpg.rf.951ac207cda9009d511851e543961261.jpg,5,0,0,100.0,SAFE,2026-03-03 15:16:16
005402_jpg.rf.ae28135d596850b50ed8898278fa1231.jpg,2,0,0,100.0,SAFE,2026-03-03 15:16:16
005403_jpg.rf.6f45e71e802d36df5da51ae689fe8c08.jpg,5,0,0,100.0,SAFE,2026-03-03 15:16:16
005404_jpg.rf.092c7cea2e1722600b3d40a4ec166fce.jpg,0,8,0,0.0,VIOLATION,2026-03-03 15:16:16
005405_jpg.rf.876ff7250b80bd019fb17238a0a990de.jpg,1,0,0,100.0,SAFE,2026-03-03 15:16:17
005406_jpg.rf.1c0002154eca29327ae9b7a31297b8e0.jpg,2,0,0,100.0,SAFE,2026-03-03 15:16:17
005407_jpg.rf.8cba927ce5ca614e25f798339c6e597b.jpg,3,2,0,60.0,VIOLATION,2026-03-03 15:16:17
005408_jpg.rf.b1f2222b53a1097f6449aa1ed542eb13.jpg,3,0,0,100.0,SAFE,2026-03-03 15:16:17
005409_jpg.rf.753e3becf3e3eeec5479876ccb6c98c6.jpg,5,0,0,100.0,SAFE,2026-03-03 15:16:17
005410_jpg.rf.dbfe1003efb652136bba3c300e685657.jpg,2,0,0,100.0,SAFE,2026-03-03 15:16:17
005411_jpg.rf.5f914104db699756a297de4886d73473.jpg,3,0,0,100.0,SAFE,2026-03-03 15:16:17
005412_jpg.rf.54c33fa674b2b514d3a46ff6feacf4c5.jpg,0,4,0,0.0,VIOLATION,2026-03-03 15:16:17
005413_jpg.rf.1e0cec25aab913523c21b38fda5443bf.jpg,2,0,0,100.0,SAFE,2026-03-03 15:16:17
005414_jpg.rf.25382e911b09d192ae5d7054cc326f1e.jpg,0,4,0,0.0,VIOLATION,2026-03-03 15:16:17
005415_jpg.rf.e081336c023e8d3dfd1d4421333a2f88.jpg,5,0,0,100.0,SAFE,2026-03-03 15:16:17
005416_jpg.rf.d859ac5f0836b9f0a0fd65bf520ac6d7.jpg,2,0,0,100.0,SAFE,2026-03-03 15:16:17
005417_jpg.rf.804c90eccb3b25245087ea15c7bb225a.jpg,0,5,0,0.0,VIOLATION,2026-03-03 15:16:17
005418_jpg.rf.b4dfc801c3c02d003a2e1bb5b2769280.jpg,3,0,0,100.0,SAFE,2026-03-03 15:16:17
005419_jpg.rf.7e57fe0b232926e59acdb279b5f7cc91.jpg,13,0,0,100.0,SAFE,2026-03-03 15:16:17
005420_jpg.rf.c06eb9443e65a2078e90926b9bc24f64.jpg,1,8,0,11.11,VIOLATION,2026-03-03 15:16:17
005421_jpg.rf.94457363035f4dcdabcf2eab1e765a5f.jpg,2,0,0,100.0,SAFE,2026-03-03 15:16:17
005422_jpg.rf.81fe369ec0fa64fddfab77904f29d018.jpg,2,0,0,100.0,SAFE,2026-03-03 15:16:18
005423_jpg.rf.ddbfea073f7eddaa6359f47bc2ea52ba.jpg,3,0,0,100.0,SAFE,2026-03-03 15:16:18
005424_jpg.rf.430e910f8fb80183511e0246a8d66bbe.jpg,0,5,0,0.0,VIOLATION,2026-03-03 15:16:18
005425_jpg.rf.ddfc2097d0c58a35e5b0ed1013f082ae.jpg,7,0,0,100.0,SAFE,2026-03-03 15:16:18
005426_jpg.rf.55e91c2d518d6877d384e9ede221bf94.jpg,0,7,0,0.0,VIOLATION,2026-03-03 15:16:18
005427_jpg.rf.b675c0f9cd08b39f5801a44bd89ed60d.jpg,1,0,0,100.0,SAFE,2026-03-03 15:16:18
005428_jpg.rf.dc0afa5f32c23bcac8436b47b353de87.jpg,2,5,0,28.57,VIOLATION,2026-03-03 15:16:18
005429_jpg.rf.7840295ff3579e04426d98622ada19e7.jpg,8,1,0,88.89,VIOLATION,2026-03-03 15:16:18
005430_jpg.rf.feee67796bc99c8c267b13d002430839.jpg,1,1,0,50.0,VIOLATION,2026-03-03 15:16:18
005431_jpg.rf.1b2fd68f01751cab3793fd739eb0c031.jpg,5,0,0,100.0,SAFE,2026-03-03 15:16:18
005432_jpg.rf.c3f1b082a9d24f52cd9a2001e8940ecc.jpg,8,0,0,100.0,SAFE,2026-03-03 15:16:18
005433_jpg.rf.5c83a6379ef706b0f8f24f3b59d5f0c5.jpg,2,0,0,100.0,SAFE,2026-03-03 15:16:18
005434_jpg.rf.0cd3014e5495e8ffd43db8c90680acac.jpg,1,0,0,100.0,SAFE,2026-03-03 15:16:18
005435_jpg.rf.b014cebf08a9d86886968b2520bd88de.jpg,5,0,0,100.0,SAFE,2026-03-03 15:16:18
005436_jpg.rf.294b07159aa2201344a542b1b6ef6494.jpg,1,0,0,100.0,SAFE,2026-03-03 15:16:18
005437_jpg.rf.c240adc74d4a0f272ea0595c263e7e1f.jpg,3,0,0,100.0,SAFE,2026-03-03 15:16:18
005438_jpg.rf.247120bf5c2f1e52c822e8d28d620d60.jpg,4,0,0,100.0,SAFE,2026-03-03 15:16:19
005439_jpg.rf.2782ff9ddce11ecad79052e0097ce664.jpg,4,0,0,100.0,SAFE,2026-03-03 15:16:19
005440_jpg.rf.996deed749f5a12ee8af969d231817bd.jpg,7,0,0,100.0,SAFE,2026-03-03 15:16:19
005441_jpg.rf.c1a51e66601100d6efde3fd852ae224a.jpg,2,0,0,100.0,SAFE,2026-03-03 15:16:19
005442_jpg.rf.4448d49bf790128f24e680c86d544b93.jpg,10,0,1,100.0,SAFE,2026-03-03 15:16:19
005443_jpg.rf.0778342f7f2e088cd2240831282408da.jpg,6,0,0,100.0,SAFE,2026-03-03 15:16:19
005444_jpg.rf.8135c7d4cfeb106964f1ceae4cf670ce.jpg,4,0,0,100.0,SAFE,2026-03-03 15:16:19
005445_jpg.rf.efb298c9f8abae6717933418135a85ed.jpg,12,0,0,100.0,SAFE,2026-03-03 15:16:19
005446_jpg.rf.b5c66cae66255b037fa15054ffb0251c.jpg,3,0,0,100.0,SAFE,2026-03-03 15:16:19
005447_jpg.rf.d3871b2db40dc09c080c590c499024fd.jpg,3,0,0,100.0,SAFE,2026-03-03 15:16:19
005448_jpg.rf.b8ac50afe2a3e8d84a53b2778f5e8fe0.jpg,3,0,0,100.0,SAFE,2026-03-03 15:16:19
005449_jpg.rf.d0d0d18edce46412b05fb7bb615c8cdb.jpg,1,0,0,100.0,SAFE,2026-03-03 15:16:19
005450_jpg.rf.f539ae664479906735361f72c8818151.jpg,0,13,0,0.0,VIOLATION,2026-03-03 15:16:19
005451_jpg.rf.11bbc0d2a995afa8e4e16b56a5db3f39.jpg,7,0,0,100.0,SAFE,2026-03-03 15:16:19
005452_jpg.rf.1b8ee7e4e778b6d20cf840a113516b3e.jpg,5,1,0,83.33,VIOLATION,2026-03-03 15:16:19
005453_jpg.rf.9810d5ea4061bf60b5d30ace87623735.jpg,1,0,0,100.0,SAFE,2026-03-03 15:16:19
005454_jpg.rf.7fc3b15240efe72f9da23284c5d7fcab.jpg,6,0,0,100.0,SAFE,2026-03-03 15:16:20
005455_jpg.rf.468a5e75bb2950379a4280d49845e9dc.jpg,7,0,0,100.0,SAFE,2026-03-03 15:16:20
005456_jpg.rf.b5372b4596eec9d4b797ae24503888c0.jpg,1,5,0,16.67,VIOLATION,2026-03-03 15:16:20
005457_jpg.rf.e330f1389ccd07c3bf0761d78e89754b.jpg,5,9,0,35.71,VIOLATION,2026-03-03 15:16:20
005458_jpg.rf.5367f3819176940b2f4f824fe75a456c.jpg,3,3,0,50.0,VIOLATION,2026-03-03 15:16:20
005459_jpg.rf.ea2b683295ad0b3ba55c0312e271b845.jpg,3,0,0,100.0,SAFE,2026-03-03 15:16:20
005460_jpg.rf.85002b2ff10b7a48f0b9a497fee06293.jpg,3,0,0,100.0,SAFE,2026-03-03 15:16:20
005461_jpg.rf.89722c5c29a6e5389819390600f0ac2e.jpg,1,0,0,100.0,SAFE,2026-03-03 15:16:20
005462_jpg.rf.3f1633a63968c7fd9517fdec6c0a7659.jpg,0,3,0,0.0,VIOLATION,2026-03-03 15:16:20
005463_jpg.rf.6257d97f8a70d2ddc9389207702b7c8f.jpg,2,0,0,100.0,SAFE,2026-03-03 15:16:20
005464_jpg.rf.325e4a69d72d71d1e602deed83de7597.jpg,2,0,0,100.0,SAFE,2026-03-03 15:16:20
005465_jpg.rf.861f23cbc753fc2de955b96a4ab18df3.jpg,2,0,0,100.0,SAFE,2026-03-03 15:16:20
005466_jpg.rf.4509e33eaac15013529a3bfd93163c91.jpg,3,0,0,100.0,SAFE,2026-03-03 15:16:20
005467_jpg.rf.022244e96dbb57c48d2f43c9480df30f.jpg,5,0,0,100.0,SAFE,2026-03-03 15:16:20
005468_jpg.rf.7fb534e68aebdd858e7345e45eba491b.jpg,1,0,0,100.0,SAFE,2026-03-03 15:16:20
005469_jpg.rf.86b10f15f023ddd286fe89b2f8d40aea.jpg,1,0,0,100.0,SAFE,2026-03-03 15:16:20
005470_jpg.rf.510174d0a0371596743ee8e264def97f.jpg,2,0,0,100.0,SAFE,2026-03-03 15:16:20
005471_jpg.rf.d19405eba81c04c6a8e926f67f3ed051.jpg,3,0,0,100.0,SAFE,2026-03-03 15:16:21
005472_jpg.rf.836fe3c823a98d1f964f1fdee8f5c062.jpg,0,8,0,0.0,VIOLATION,2026-03-03 15:16:21
005473_jpg.rf.4a7ed65c9c884bff6d4fc577c57bf15f.jpg,1,0,0,100.0,SAFE,2026-03-03 15:16:21
005474_jpg.rf.6ee607373c04a934c754c0c64aac0d03.jpg,1,0,0,100.0,SAFE,2026-03-03 15:16:21
005475_jpg.rf.f3193e3800494f8cfe198c8893a679a9.jpg,2,0,0,100.0,SAFE,2026-03-03 15:16:21
005476_jpg.rf.fef302744d3b6117dc5e8cd35f8d39e8.jpg,1,0,0,100.0,SAFE,2026-03-03 15:16:21
005477_jpg.rf.53b33afec3a68263425709f4e56e7faf.jpg,0,10,0,0.0,VIOLATION,2026-03-03 15:16:21
005478_jpg.rf.c77d05e003a4c01b55be07e8a7c571bb.jpg,1,0,0,100.0,SAFE,2026-03-03 15:16:21
005479_jpg.rf.75befc4f1ea96af2e91cd9768b037fd3.jpg,5,0,0,100.0,SAFE,2026-03-03 15:16:21
005480_jpg.rf.b119f09fe98f321b72704de8156c5817.jpg,1,0,0,100.0,SAFE,2026-03-03 15:16:21
005481_jpg.rf.af392f962318d3c0571281188c78b80f.jpg,2,0,0,100.0,SAFE,2026-03-03 15:16:21
005482_jpg.rf.d7660983f268f0c576f885060c7f161b.jpg,1,0,0,100.0,SAFE,2026-03-03 15:16:21
005483_jpg.rf.6e76fdcd0d9cfb346916c2ceff2cd7a6.jpg,5,0,0,100.0,SAFE,2026-03-03 15:16:21
005484_jpg.rf.53155b2236099d09b62d2b85a385e33f.jpg,0,11,0,0.0,VIOLATION,2026-03-03 15:16:21
005485_jpg.rf.262350ded6b4cd1af0361b0374874d3a.jpg,1,0,0,100.0,SAFE,2026-03-03 15:16:21
005486_jpg.rf.294e65e809410e745cb7dc282f9392fa.jpg,9,1,0,90.0,VIOLATION,2026-03-03 15:16:21
005487_jpg.rf.9fdc969af8c515c0e347d8088c1ac572.jpg,2,0,0,100.0,SAFE,2026-03-03 15:16:22
005488_jpg.rf.e150bcf078dd1ac82e801745e710d020.jpg,0,7,0,0.0,VIOLATION,2026-03-03 15:16:22
005489_jpg.rf.1d0f1f5f6b3117622e486eb11ad3a730.jpg,1,0,0,100.0,SAFE,2026-03-03 15:16:22
005490_jpg.rf.686ce7d4df26f35bfcb66837bb412bb3.jpg,0,5,0,0.0,VIOLATION,2026-03-03 15:16:22
005491_jpg.rf.587c7c83dc64d26b44788edaa1e7a605.jpg,3,0,0,100.0,SAFE,2026-03-03 15:16:22
005492_jpg.rf.c77a882401f59ff9140eac1e0d243939.jpg,3,0,0,100.0,SAFE,2026-03-03 15:16:22
005493_jpg.rf.cb0e217f74321bbc296a3d74e2e554f1.jpg,2,1,1,66.67,VIOLATION,2026-03-03 15:16:22
005494_jpg.rf.ab253dba6be5e7848dc75a91a0d1c024.jpg,1,0,0,100.0,SAFE,2026-03-03 15:16:22
005495_jpg.rf.1763cce602b43bf9d798fd1124cde128.jpg,0,5,0,0.0,VIOLATION,2026-03-03 15:16:22
005496_jpg.rf.8b32ab4539990f40f4dc9068a6de1810.jpg,1,3,0,25.0,VIOLATION,2026-03-03 15:16:22
005497_jpg.rf.bf6cefb3646b48929226aa8cbb1499a6.jpg,2,0,0,100.0,SAFE,2026-03-03 15:16:22
005498_jpg.rf.9d38315034dddd910833e8bf984bb80c.jpg,1,0,0,100.0,SAFE,2026-03-03 15:16:22
005499_jpg.rf.be8161e43d53813831c95486e95228a6.jpg,3,1,0,75.0,VIOLATION,2026-03-03 15:16:22
005500_jpg.rf.f8b23500d41c30e07b57c1d153e2eb0a.jpg,1,0,0,100.0,SAFE,2026-03-03 15:16:23
005501_jpg.rf.18c48b118078bcf39a5e40d68f32fc7e.jpg,6,0,0,100.0,SAFE,2026-03-03 15:16:23
005502_jpg.rf.850e53cee2b11f2ad036e90687f54514.jpg,7,0,0,100.0,SAFE,2026-03-03 15:16:23
005503_jpg.rf.3028796588bf233c07b8963e200c0d3c.jpg,1,0,0,100.0,SAFE,2026-03-03 15:16:23
005504_jpg.rf.26bd3e41577f8151a3ecc732a6d7daff.jpg,3,0,0,100.0,SAFE,2026-03-03 15:16:23
005505_jpg.rf.ead974cc8053fb69c28447ed5c8045b5.jpg,4,0,0,100.0,SAFE,2026-03-03 15:16:23
005506_jpg.rf.01b6aa7f226bbb6946fd1e7aa0ba51a0.jpg,2,0,0,100.0,SAFE,2026-03-03 15:16:23
005507_jpg.rf.ed87cbe2ede21c41d0a482225c49b62e.jpg,1,0,0,100.0,SAFE,2026-03-03 15:16:23
005508_jpg.rf.f2d0026ed0382ff3125fbcf8f4e2c1be.jpg,1,0,0,100.0,SAFE,2026-03-03 15:16:23
005509_jpg.rf.f4f54d5ec5efd873f1a57fde8e61b632.jpg,2,0,0,100.0,SAFE,2026-03-03 15:16:23
005510_jpg.rf.981dd4c70d62cf7d1bb91a4e293fdd7d.jpg,2,0,0,100.0,SAFE,2026-03-03 15:16:23
005511_jpg.rf.24612cae36752a3c9848728be22a8f47.jpg,3,0,0,100.0,SAFE,2026-03-03 15:16:23
005512_jpg.rf.8c6a4de925b0aece3131601fce1b326d.jpg,3,5,0,37.5,VIOLATION,2026-03-03 15:16:23
005513_jpg.rf.16a6c9842c0d2e7b80ab98bb2a7ad335.jpg,1,0,0,100.0,SAFE,2026-03-03 15:16:24
005514_jpg.rf.c4333e52a5f56e627ccc82157c111b05.jpg,12,0,0,100.0,SAFE,2026-03-03 15:16:24
005515_jpg.rf.dc22bc39f582866ae39d5ed984236969.jpg,3,0,0,100.0,SAFE,2026-03-03 15:16:24
005516_jpg.rf.b4e9901fec28e12ee07895755f994f2d.jpg,0,1,0,0.0,VIOLATION,2026-03-03 15:16:24
005517_jpg.rf.70acaffdd62b6934d5ac3e3871b9c13d.jpg,4,1,0,80.0,VIOLATION,2026-03-03 15:16:24
005518_jpg.rf.06eda0fe6c15bbeae51c98f6409a6cf0.jpg,9,0,0,100.0,SAFE,2026-03-03 15:16:24
005519_jpg.rf.5630402d7258831aea02ec1345ed03a7.jpg,1,0,0,100.0,SAFE,2026-03-03 15:16:24
005520_jpg.rf.ee205e930a033f0fa9732fb681af76ee.jpg,2,0,0,100.0,SAFE,2026-03-03 15:16:24
005521_jpg.rf.75d0e1d9fd1305fe4793741d36208bda.jpg,6,0,0,100.0,SAFE,2026-03-03 15:16:24
005522_jpg.rf.8a603b30858a5fd3310f2edd6dcf4cb6.jpg,1,0,0,100.0,SAFE,2026-03-03 15:16:24
005523_jpg.rf.42520fc889175b90f077c2b30f4fa188.jpg,2,0,0,100.0,SAFE,2026-03-03 15:16:24
005524_jpg.rf.3e58fdf42b536ce49fdc9f9b9666823d.jpg,2,0,0,100.0,SAFE,2026-03-03 15:16:24
005525_jpg.rf.4ab7c8b3352438647f72e85ed28ba3a6.jpg,5,0,0,100.0,SAFE,2026-03-03 15:16:25
005526_jpg.rf.02af17de17cb40035acf524b4a4493a4.jpg,2,0,0,100.0,SAFE,2026-03-03 15:16:25
005527_jpg.rf.5972641e3fc8ae91ef933e22deaa9d55.jpg,1,0,0,100.0,SAFE,2026-03-03 15:16:25
005528_jpg.rf.57c622a80a56ea4b20845596bfb78103.jpg,6,0,0,100.0,SAFE,2026-03-03 15:16:25
005529_jpg.rf.0210c559e9a251345fe1e5243c2d54b0.jpg,2,0,0,100.0,SAFE,2026-03-03 15:16:25
005530_jpg.rf.d91c0e675b9cc875b0c54ec1edcb3fed.jpg,2,0,0,100.0,SAFE,2026-03-03 15:16:25
005531_jpg.rf.0c6fc0481ed51c4b1571f95acb03a0c6.jpg,1,0,0,100.0,SAFE,2026-03-03 15:16:25
005532_jpg.rf.b022e4342d88fb18fbd8b1da90849cf1.jpg,1,0,0,100.0,SAFE,2026-03-03 15:16:25
005533_jpg.rf.da5a769256212da34d0d036cbb943943.jpg,1,0,0,100.0,SAFE,2026-03-03 15:16:25
005534_jpg.rf.24be44c4c8aaa1b68e5e5851d15da6b3.jpg,1,0,0,100.0,SAFE,2026-03-03 15:16:25
005535_jpg.rf.51951fd82af77d9bd4d34c4aac22a2b1.jpg,4,0,0,100.0,SAFE,2026-03-03 15:16:25
005536_jpg.rf.8c136d13767f75e18120d1de20f454eb.jpg,2,6,0,25.0,VIOLATION,2026-03-03 15:16:25
005537_jpg.rf.45b56c9b399f8680da604c8e564ed069.jpg,2,0,0,100.0,SAFE,2026-03-03 15:16:25
005538_jpg.rf.a624d0ab8381d6bb11beb6aae0c16a5b.jpg,1,0,0,100.0,SAFE,2026-03-03 15:16:26
005539_jpg.rf.8e282d0b005654b224a036dbe1ec5281.jpg,2,0,0,100.0,SAFE,2026-03-03 15:16:26
005540_jpg.rf.da992a561b67a50a3fd0edcaeed710ea.jpg,1,0,0,100.0,SAFE,2026-03-03 15:16:26
005541_jpg.rf.f1827ba5e708ae8ab6b715afe3c15c0c.jpg,0,6,0,0.0,VIOLATION,2026-03-03 15:16:26
005542_jpg.rf.e41a2329233f52e6b9fee972dced3a30.jpg,1,0,0,100.0,SAFE,2026-03-03 15:16:26
005543_jpg.rf.a821749c06abe8d7d4cbc009ac034a6f.jpg,2,0,0,100.0,SAFE,2026-03-03 15:16:26
005544_jpg.rf.8d444fadc0b4a93d90209c33186799c7.jpg,0,10,0,0.0,VIOLATION,2026-03-03 15:16:26
005545_jpg.rf.d1e681a5e5342b30f158a5c7f6f3c25a.jpg,1,0,0,100.0,SAFE,2026-03-03 15:16:26
005546_jpg.rf.93a96c3616f335ac834cf0dd42c5b01e.jpg,6,0,0,100.0,SAFE,2026-03-03 15:16:26
005547_jpg.rf.540c281167909139d12e5de406a3ac9d.jpg,4,0,0,100.0,SAFE,2026-03-03 15:16:26
005548_jpg.rf.2f25d71fb7c790404dbf9ef9082ef3e4.jpg,2,0,0,100.0,SAFE,2026-03-03 15:16:26
005549_jpg.rf.4b7b5b35ff3a1964601d01ba8fe082c2.jpg,1,0,0,100.0,SAFE,2026-03-03 15:16:26
005550_jpg.rf.8ad4586a670ae1e4c99d352c39348215.jpg,4,0,0,100.0,SAFE,2026-03-03 15:16:27
005551_jpg.rf.4d6505748a53fc9c89758f48b47c1305.jpg,3,0,0,100.0,SAFE,2026-03-03 15:16:27
005552_jpg.rf.460cf363e9c1d44d916f0a0f8a94be73.jpg,3,0,0,100.0,SAFE,2026-03-03 15:16:27
005553_jpg.rf.f3da56ce68ff07c063f9cbfc67bbf7ed.jpg,2,0,0,100.0,SAFE,2026-03-03 15:16:27
005554_jpg.rf.24bd1489155670a7358b5bb2faca9222.jpg,1,0,0,100.0,SAFE,2026-03-03 15:16:27
005555_jpg.rf.939ea82d9a718ea3e584560e627916a2.jpg,1,0,0,100.0,SAFE,2026-03-03 15:16:27
005556_jpg.rf.7a47093354a61ceb8140fdf6300b6057.jpg,1,0,0,100.0,SAFE,2026-03-03 15:16:27
005557_jpg.rf.2dbd6beb025fc8fef55923f46a08e419.jpg,2,0,0,100.0,SAFE,2026-03-03 15:16:27
005558_jpg.rf.d2df20e458bd49e9113098587de741b9.jpg,2,0,0,100.0,SAFE,2026-03-03 15:16:27
005559_jpg.rf.05dd392f6fbf81ad67ecad79079d5ad0.jpg,1,0,0,100.0,SAFE,2026-03-03 15:16:27
005560_jpg.rf.bcefb5943d72a8c406fcc9cb46a3f487.jpg,1,0,0,100.0,SAFE,2026-03-03 15:16:27
005561_jpg.rf.15c0286d8e4fc3f7e81ac18564fea18a.jpg,3,0,0,100.0,SAFE,2026-03-03 15:16:27
005562_jpg.rf.42719c423172036e456f5f1375ead045.jpg,5,4,0,55.56,VIOLATION,2026-03-03 15:16:27
005563_jpg.rf.c437320fd987c8f9c1eb4fca463d1b0a.jpg,6,0,0,100.0,SAFE,2026-03-03 15:16:28
005564_jpg.rf.2f1c4bd1d77d0eb14e1b21838d8aa45a.jpg,2,1,0,66.67,VIOLATION,2026-03-03 15:16:28
005565_jpg.rf.ee3956c14c35ab58da8e259da80995eb.jpg,1,0,0,100.0,SAFE,2026-03-03 15:16:28
005566_jpg.rf.aceb63f3f579bcb4825a1b3724f4a01c.jpg,2,0,0,100.0,SAFE,2026-03-03 15:16:28
005567_jpg.rf.604aa60b07c688a90fc2dd5c1f658e7f.jpg,2,4,0,33.33,VIOLATION,2026-03-03 15:16:28
005568_jpg.rf.c66c24c562e84354253145c58339327e.jpg,2,0,0,100.0,SAFE,2026-03-03 15:16:28
005569_jpg.rf.d14cdaf3c22d818b97ed633f9c437fb6.jpg,2,0,0,100.0,SAFE,2026-03-03 15:16:28
005570_jpg.rf.d86977d48f075c981172bfa935f41467.jpg,1,3,0,25.0,VIOLATION,2026-03-03 15:16:28
005571_jpg.rf.71d786de8c2effba6ce4b76f3459c476.jpg,3,0,0,100.0,SAFE,2026-03-03 15:16:28
005572_jpg.rf.f4af55c2c3bbaa11ef0024a50755c342.jpg,4,0,0,100.0,SAFE,2026-03-03 15:16:28
005573_jpg.rf.94c56df3264e66164a2d3546e27d06bb.jpg,0,8,0,0.0,VIOLATION,2026-03-03 15:16:28
005574_jpg.rf.aac219fb76be1bb3cb8f4d7104a5defb.jpg,3,0,0,100.0,SAFE,2026-03-03 15:16:28
005575_jpg.rf.2f47f97493d5df2f1f04e353627b794e.jpg,2,0,0,100.0,SAFE,2026-03-03 15:16:28
005576_jpg.rf.b5576a8dc2ce5a79a16af12e90d8f2fd.jpg,5,0,0,100.0,SAFE,2026-03-03 15:16:29
005577_jpg.rf.950969e4f6a07db339e0b756502b0b0d.jpg,3,0,0,100.0,SAFE,2026-03-03 15:16:29
005578_jpg.rf.e4b862d548c4c27b6dc2a1072e705c73.jpg,2,0,0,100.0,SAFE,2026-03-03 15:16:29
005579_jpg.rf.dfaaeb83b2fb33b9282727cbcfcf09dc.jpg,0,5,0,0.0,VIOLATION,2026-03-03 15:16:29
005580_jpg.rf.2cdcacc492815f7abbe7e48b5a4ccc6c.jpg,3,0,0,100.0,SAFE,2026-03-03 15:16:29
005581_jpg.rf.a160bb5d19886064868af293b43da8d1.jpg,0,4,0,0.0,VIOLATION,2026-03-03 15:16:29
005582_jpg.rf.ea4eab0e75fe068b3c578a5ac6f38ef3.jpg,6,1,0,85.71,VIOLATION,2026-03-03 15:16:29
005583_jpg.rf.3d2d0185ca0d14ba1a4a05852f593219.jpg,1,0,0,100.0,SAFE,2026-03-03 15:16:29
005584_jpg.rf.f4fb68336f93d3260845afea98742705.jpg,1,0,0,100.0,SAFE,2026-03-03 15:16:29
005585_jpg.rf.71f7957c225fa61a72d36906f45a9f40.jpg,1,9,0,10.0,VIOLATION,2026-03-03 15:16:29
005586_jpg.rf.4d267e538346b67b5632821efea9356b.jpg,3,0,0,100.0,SAFE,2026-03-03 15:16:29
005587_jpg.rf.614e9260619a93241b34da13187769e4.jpg,3,0,0,100.0,SAFE,2026-03-03 15:16:29
005588_jpg.rf.577481843a0889fec18b97927ac558ee.jpg,2,0,0,100.0,SAFE,2026-03-03 15:16:29
005589_jpg.rf.23bddee8c833149bfdab20dfa56bd5fd.jpg,2,0,0,100.0,SAFE,2026-03-03 15:16:30
005590_jpg.rf.9a16a998c44bdc9d748fe78e7ec57562.jpg,2,0,0,100.0,SAFE,2026-03-03 15:16:30
005591_jpg.rf.a348a11398de21ee0e87a92bb61be971.jpg,0,9,0,0.0,VIOLATION,2026-03-03 15:16:30
005592_jpg.rf.2278bfc9c7168f183c7055b3972f146a.jpg,1,0,0,100.0,SAFE,2026-03-03 15:16:30
005593_jpg.rf.33c6e2a7adcd2a4ee017cffe310a0e80.jpg,0,8,0,0.0,VIOLATION,2026-03-03 15:16:30
005594_jpg.rf.fce28035755df1e8c19437c302ea73d8.jpg,0,5,0,0.0,VIOLATION,2026-03-03 15:16:30
005595_jpg.rf.ef7af4c7baf31b62edf94c6654c5f137.jpg,1,0,0,100.0,SAFE,2026-03-03 15:16:30
005596_jpg.rf.04b485453dfce0ce02abafb23a395d70.jpg,1,0,0,100.0,SAFE,2026-03-03 15:16:30
005597_jpg.rf.270d905b5a20918466e97d9f5073f641.jpg,2,0,0,100.0,SAFE,2026-03-03 15:16:30
005598_jpg.rf.961465e014ba4ea2d43cce1ab326530a.jpg,2,0,0,100.0,SAFE,2026-03-03 15:16:30
005599_jpg.rf.1bd03b06d61f230be614418a9ac8effb.jpg,3,8,0,27.27,VIOLATION,2026-03-03 15:16:30
005600_jpg.rf.4512bd72668b5e56b4ddcb86ad485ad9.jpg,4,0,0,100.0,SAFE,2026-03-03 15:16:30
005601_jpg.rf.f754b09a4fe9623a040c3914ae75ca8a.jpg,3,0,0,100.0,SAFE,2026-03-03 15:16:31
005602_jpg.rf.4fb3931ee9e7c8b4046d94ef1027e3ae.jpg,9,0,0,100.0,SAFE,2026-03-03 15:16:31
005603_jpg.rf.0d172634aa365234b5f2d005b1203307.jpg,0,2,0,0.0,VIOLATION,2026-03-03 15:16:31
005604_jpg.rf.46a4920b3972ffc5b0a62ea655ab0625.jpg,1,0,0,100.0,SAFE,2026-03-03 15:16:31
005605_jpg.rf.8f3631b405a6f63a00b38ad8917b48e6.jpg,5,0,0,100.0,SAFE,2026-03-03 15:16:31
005606_jpg.rf.208b5fbd3c4d3c65e8af9a2f72a3d7fe.jpg,0,14,0,0.0,VIOLATION,2026-03-03 15:16:31
005607_jpg.rf.44eb7e98e768a58f6979362d0edbd763.jpg,3,0,0,100.0,SAFE,2026-03-03 15:16:31
005608_jpg.rf.7b433ab59c5ebb468c9d40c37e3dee57.jpg,2,0,0,100.0,SAFE,2026-03-03 15:16:31
005609_jpg.rf.29fec9f9d0211d41d400698c8587c2ef.jpg,4,0,0,100.0,SAFE,2026-03-03 15:16:31
005610_jpg.rf.4cf2c31dd4867d453423e0c114f9be5d.jpg,1,0,0,100.0,SAFE,2026-03-03 15:16:31
005611_jpg.rf.cdd5caa8b1ec5c94bec795227bdd4060.jpg,5,0,0,100.0,SAFE,2026-03-03 15:16:31
005612_jpg.rf.6ac543456fc930cf7f56b54af7788cbc.jpg,9,3,0,75.0,VIOLATION,2026-03-03 15:16:31
005613_jpg.rf.c71443c4ce0341fc2618f27c89eaf0f6.jpg,2,0,0,100.0,SAFE,2026-03-03 15:16:31
005614_jpg.rf.d5702c9acd048b774da5b3df4a012d80.jpg,3,0,0,100.0,SAFE,2026-03-03 15:16:31
005615_jpg.rf.6458c0590622b512ea3174c4e1934b2a.jpg,1,0,0,100.0,SAFE,2026-03-03 15:16:32
005616_jpg.rf.38a4337858dd05f5ae8a3386ef101b73.jpg,2,0,0,100.0,SAFE,2026-03-03 15:16:32
005617_jpg.rf.397fdf59bdae88df1abfb6766491eab8.jpg,8,0,0,100.0,SAFE,2026-03-03 15:16:32
005618_jpg.rf.f2277b87151150a08cc16f2c3ba1a7e0.jpg,8,0,0,100.0,SAFE,2026-03-03 15:16:32
005619_jpg.rf.2f6d2c953a1bf2eddd27028484c248bb.jpg,1,0,0,100.0,SAFE,2026-03-03 15:16:32
005620_jpg.rf.5a3cbb6f64534384f32a2af479c7a153.jpg,1,0,0,100.0,SAFE,2026-03-03 15:16:32
005621_jpg.rf.0ffd7c3b9d0a024942cf622dda515a97.jpg,11,0,0,100.0,SAFE,2026-03-03 15:16:32
005622_jpg.rf.b08717cf387b4b8cf705c98f192d8d8d.jpg,2,0,0,100.0,SAFE,2026-03-03 15:16:32
005623_jpg.rf.d63f165a007c572f17993fc1e2f546da.jpg,1,0,0,100.0,SAFE,2026-03-03 15:16:32
005624_jpg.rf.c2f7ecd8d25e4d058a791f832a84139d.jpg,3,4,0,42.86,VIOLATION,2026-03-03 15:16:32
005625_jpg.rf.ec8563becc7d832b5058074a989d5e9f.jpg,1,0,0,100.0,SAFE,2026-03-03 15:16:32
005626_jpg.rf.45d2c81d91145214b807c647e0484116.jpg,3,0,0,100.0,SAFE,2026-03-03 15:16:32
005627_jpg.rf.c43c2a2f8b70e51cdc4e2100b6ac76e2.jpg,1,0,0,100.0,SAFE,2026-03-03 15:16:32
005628_jpg.rf.7c9e14460905ae72b4cb0aabfb2ba8b5.jpg,2,0,0,100.0,SAFE,2026-03-03 15:16:33
005629_jpg.rf.09e8245473cc6b354e0012312f7a31e4.jpg,6,0,0,100.0,SAFE,2026-03-03 15:16:33
005630_jpg.rf.b1348fef880a2ebac05ff09e7dbbb352.jpg,1,0,0,100.0,SAFE,2026-03-03 15:16:33
005631_jpg.rf.3061d26c09640f3626a6473e066ab38a.jpg,1,0,0,100.0,SAFE,2026-03-03 15:16:33
005632_jpg.rf.ba28fe6b8d2baacb3b9794b90f1a9528.jpg,1,0,0,100.0,SAFE,2026-03-03 15:16:33
005633_jpg.rf.10260e0193c2aec0417964deec776c5d.jpg,11,0,0,100.0,SAFE,2026-03-03 15:16:33
005634_jpg.rf.ab9ebc92d829e0869f5d29226b120e91.jpg,0,5,0,0.0,VIOLATION,2026-03-03 15:16:33
005635_jpg.rf.799d9e35fbab30c9e529676bb0cdf2ce.jpg,6,0,0,100.0,SAFE,2026-03-03 15:16:33
005636_jpg.rf.422cc55c460505f8648c241dfd49ae23.jpg,0,0,0,100.0,SAFE,2026-03-03 15:16:33
005637_jpg.rf.3c80f7b1d9900b7cbd917845a5fe0c78.jpg,1,0,1,100.0,SAFE,2026-03-03 15:16:33
005638_jpg.rf.b3cb79f4fa1fa290f49486e32f0a5485.jpg,2,0,0,100.0,SAFE,2026-03-03 15:16:33
005639_jpg.rf.8344b10eea9baefe27fbf6aeb78c6f27.jpg,6,0,0,100.0,SAFE,2026-03-03 15:16:33
005640_jpg.rf.10b375f818b486564df4d5bda79a1674.jpg,3,0,0,100.0,SAFE,2026-03-03 15:16:33
005641_jpg.rf.bc21834a5fcb597a86fe12dfec8f3f87.jpg,0,3,0,0.0,VIOLATION,2026-03-03 15:16:34
005642_jpg.rf.24419fb965e4410d4224700c92647806.jpg,2,0,0,100.0,SAFE,2026-03-03 15:16:34
005643_jpg.rf.996f4a5d9219dcd84a19909c3dca44fe.jpg,3,0,0,100.0,SAFE,2026-03-03 15:16:34
005644_jpg.rf.b7cf509de72aecb260c0692f72a4affa.jpg,11,0,0,100.0,SAFE,2026-03-03 15:16:34
005645_jpg.rf.9b82a8530897efa12afda6d85affe633.jpg,3,0,0,100.0,SAFE,2026-03-03 15:16:34
005646_jpg.rf.5408230c6e0e91346e83098508da7432.jpg,1,0,0,100.0,SAFE,2026-03-03 15:16:34
005647_jpg.rf.a8ba6929148c64588b0144fe3277b06b.jpg,0,11,0,0.0,VIOLATION,2026-03-03 15:16:34
005648_jpg.rf.e152b7687a648c932ff62c28fa34c70f.jpg,2,0,0,100.0,SAFE,2026-03-03 15:16:34
005649_jpg.rf.52c3dee988b3a1fa8a01f6583698e305.jpg,2,0,0,100.0,SAFE,2026-03-03 15:16:34
005650_jpg.rf.51033fa8d4cac75f4c0177bcaa2d755d.jpg,2,0,0,100.0,SAFE,2026-03-03 15:16:34
005651_jpg.rf.c36d341dd3a2ffba62247c40855eeedc.jpg,5,0,0,100.0,SAFE,2026-03-03 15:16:34
005652_jpg.rf.2c56174153550fdd0e28b2d3cb742067.jpg,1,0,0,100.0,SAFE,2026-03-03 15:16:34
005653_jpg.rf.05a133fca9f6a4d0a8f0c68aab841970.jpg,6,0,0,100.0,SAFE,2026-03-03 15:16:34
005654_jpg.rf.6bbcec9e023272552105c932efc23854.jpg,1,2,0,33.33,VIOLATION,2026-03-03 15:16:34
005655_jpg.rf.b52464f49fea24a1ceae601a54c79950.jpg,1,0,0,100.0,SAFE,2026-03-03 15:16:35
005656_jpg.rf.1bdfed435c2e5fc1b05d4829dbe0f2b3.jpg,4,0,0,100.0,SAFE,2026-03-03 15:16:35
005657_jpg.rf.8825cb8bbf5fd25fc709e01b8ec34540.jpg,0,9,0,0.0,VIOLATION,2026-03-03 15:16:35
005658_jpg.rf.937f250e631760ba96737123f8322086.jpg,3,0,0,100.0,SAFE,2026-03-03 15:16:35
005659_jpg.rf.64b70a8e66fe397bd1456021d73235e2.jpg,2,0,0,100.0,SAFE,2026-03-03 15:16:35
005660_jpg.rf.db1861a83fa35dee4fb17ca058f77591.jpg,2,0,0,100.0,SAFE,2026-03-03 15:16:35
005661_jpg.rf.ad8e832bc4eb3245803dae7547d5da57.jpg,0,0,0,100.0,SAFE,2026-03-03 15:16:35
005662_jpg.rf.7d7a449e563041f9d2d0a882d31b4cdf.jpg,2,0,0,100.0,SAFE,2026-03-03 15:16:35
005663_jpg.rf.8acd8e41c613d4adb29ddb7a43d118d2.jpg,2,0,0,100.0,SAFE,2026-03-03 15:16:35
005664_jpg.rf.3f9101dd6580e3ffceda6e6f2f7b2575.jpg,2,0,0,100.0,SAFE,2026-03-03 15:16:35
005665_jpg.rf.a3f0f1207ee64d8d858a0e9e9a99b410.jpg,2,0,0,100.0,SAFE,2026-03-03 15:16:35
005666_jpg.rf.e4e6f33008d0c68a0629f8ff16945adf.jpg,5,0,0,100.0,SAFE,2026-03-03 15:16:35
005667_jpg.rf.2936dd406322d982284d67c2d893c6f9.jpg,2,0,0,100.0,SAFE,2026-03-03 15:16:35
005668_jpg.rf.fa42e85c600654b201dcb06e51ed9ff6.jpg,7,0,0,100.0,SAFE,2026-03-03 15:16:35
005669_jpg.rf.fd8054b6f4e36d8f09eb3c4360c4646d.jpg,1,0,0,100.0,SAFE,2026-03-03 15:16:36
005670_jpg.rf.3610a44fbdbed358f4c7a2f4ca7200b8.jpg,2,0,0,100.0,SAFE,2026-03-03 15:16:36
005671_jpg.rf.7c04d303a35de2cfe92361383ba0bbdc.jpg,2,0,0,100.0,SAFE,2026-03-03 15:16:36
005672_jpg.rf.67d9d3ede59f5c8111c33c8f228f4b4e.jpg,12,0,0,100.0,SAFE,2026-03-03 15:16:36
005673_jpg.rf.b4f6a5812e3fad001b27975c42f89822.jpg,10,2,0,83.33,VIOLATION,2026-03-03 15:16:36
005674_jpg.rf.ff93d88e9197443ad1510e441f083dd6.jpg,3,0,0,100.0,SAFE,2026-03-03 15:16:36
005675_jpg.rf.baacc9163abff2a61928814c62a3be2d.jpg,5,1,0,83.33,VIOLATION,2026-03-03 15:16:36
005676_jpg.rf.7bfa377589db55cb5db5425c2b91e63b.jpg,2,0,0,100.0,SAFE,2026-03-03 15:16:36
005677_jpg.rf.559d2047471973718c59c482f3eb9d33.jpg,6,0,0,100.0,SAFE,2026-03-03 15:16:36
005678_jpg.rf.666a32b44afb83d1f2d87c2056ff6f97.jpg,1,0,0,100.0,SAFE,2026-03-03 15:16:36
005679_jpg.rf.fa6776ab42a4622af3e3f93c5d86adf6.jpg,1,0,0,100.0,SAFE,2026-03-03 15:16:36
005680_jpg.rf.245f68ccc44a9f0cfe7ae74f836112a8.jpg,0,1,0,0.0,VIOLATION,2026-03-03 15:16:36
005681_jpg.rf.8ba5fafe37ecb34b8f8e76a7031eeec1.jpg,5,0,0,100.0,SAFE,2026-03-03 15:16:36
005682_jpg.rf.03c5403f8a106e92858a04ecd9475bf1.jpg,0,5,0,0.0,VIOLATION,2026-03-03 15:16:36
005683_jpg.rf.3f8e9deda3a1cdf8008c4c1acdc028d3.jpg,2,0,0,100.0,SAFE,2026-03-03 15:16:37
005684_jpg.rf.fb0f4cea253ed7686f4a7492bc12e647.jpg,2,0,0,100.0,SAFE,2026-03-03 15:16:37
005685_jpg.rf.11403579224187544d8a99c9a3b4b2cc.jpg,0,6,0,0.0,VIOLATION,2026-03-03 15:16:37
005686_jpg.rf.675f1f92c0ba61c1b17639f892b86bc4.jpg,3,0,0,100.0,SAFE,2026-03-03 15:16:37
005687_jpg.rf.ef3bc2fd613579be9de953be37f4453e.jpg,2,0,0,100.0,SAFE,2026-03-03 15:16:37
005688_jpg.rf.0da1a6ec09728151d2f96448b5e3954f.jpg,2,0,0,100.0,SAFE,2026-03-03 15:16:37
005689_jpg.rf.0c371c46a2d50a162e53696ac01bfed6.jpg,5,0,0,100.0,SAFE,2026-03-03 15:16:37
005690_jpg.rf.4bfb55dfff9c720a1e23a3a09835514a.jpg,2,0,0,100.0,SAFE,2026-03-03 15:16:37
005691_jpg.rf.e703b62987bb8ba81b8a37e4794f0727.jpg,5,0,0,100.0,SAFE,2026-03-03 15:16:37
005692_jpg.rf.972ec16c15450badf838c4ce6367f481.jpg,3,0,0,100.0,SAFE,2026-03-03 15:16:37
005693_jpg.rf.c0662c641a6e236659e8dd6f332d197e.jpg,1,1,0,50.0,VIOLATION,2026-03-03 15:16:37
005694_jpg.rf.47e12116ce0300580b8072a88e1959db.jpg,3,0,0,100.0,SAFE,2026-03-03 15:16:37
005695_jpg.rf.a2c055222497300a29ed459e500066ae.jpg,2,0,0,100.0,SAFE,2026-03-03 15:16:37
005696_jpg.rf.ccf1d286070c27aab21fbdbe4eac8ad7.jpg,2,0,0,100.0,SAFE,2026-03-03 15:16:37
005697_jpg.rf.2dd00eecfebaff9825e2a9b18dc18db0.jpg,0,5,0,0.0,VIOLATION,2026-03-03 15:16:38
005698_jpg.rf.5375cb5d98bff3242858b24a5a476e36.jpg,1,0,0,100.0,SAFE,2026-03-03 15:16:38
005699_jpg.rf.46c52e9890ff6a24b112fc5989d2ca3b.jpg,5,0,0,100.0,SAFE,2026-03-03 15:16:38
005700_jpg.rf.34704c4cf74d7ebb2222515c16e3e3d4.jpg,2,0,0,100.0,SAFE,2026-03-03 15:16:38
005701_jpg.rf.fcfca170fe5b090bee1060c269f2c5e8.jpg,1,0,0,100.0,SAFE,2026-03-03 15:16:38
005702_jpg.rf.ac3340c92f689995f20f2fea9791a7ea.jpg,2,0,0,100.0,SAFE,2026-03-03 15:16:38
005703_jpg.rf.ed2f745cf709a64d8f7f17ee7fcf0b60.jpg,3,0,0,100.0,SAFE,2026-03-03 15:16:38
005704_jpg.rf.7b5e47f3521f204a7837287f475e403c.jpg,2,0,0,100.0,SAFE,2026-03-03 15:16:38
005705_jpg.rf.81651dcfddc1cc2de20eeffc9f857cb5.jpg,0,15,0,0.0,VIOLATION,2026-03-03 15:16:38
005706_jpg.rf.5154268174d0cf3c6f97d16cbdc8d0ae.jpg,2,0,0,100.0,SAFE,2026-03-03 15:16:38
005707_jpg.rf.a7d9ebc31ddb00cab9db219ddbda1067.jpg,4,1,0,80.0,VIOLATION,2026-03-03 15:16:38
005708_jpg.rf.1b91c96c34f2ec74027a3bb931e55b57.jpg,1,0,0,100.0,SAFE,2026-03-03 15:16:38
005709_jpg.rf.6a541699c3f6973fde15a00326ed6d3c.jpg,2,0,0,100.0,SAFE,2026-03-03 15:16:38
005710_jpg.rf.55c5411b14827fab865e1fc3bbdcdc20.jpg,0,3,0,0.0,VIOLATION,2026-03-03 15:16:38
005711_jpg.rf.dea39573d813c639fe2d73e89bd438ce.jpg,10,0,0,100.0,SAFE,2026-03-03 15:16:39
005712_jpg.rf.2e1a28f3dc202d851db16040cb8b08bc.jpg,1,0,0,100.0,SAFE,2026-03-03 15:16:39
005713_jpg.rf.78a8e2c5be297a10fb93c0ab7e635644.jpg,4,0,0,100.0,SAFE,2026-03-03 15:16:39
005714_jpg.rf.4ebbf727f5c8d07cb7c7dd47d85115fe.jpg,1,0,0,100.0,SAFE,2026-03-03 15:16:39
005715_jpg.rf.d8dc87980e1e402133c7f9f340daa700.jpg,6,0,0,100.0,SAFE,2026-03-03 15:16:39
005716_jpg.rf.4e3f057f46c30d269ac2c93ea63abece.jpg,3,0,0,100.0,SAFE,2026-03-03 15:16:39
005717_jpg.rf.481e26737ce632f97c4a6f6df62a38df.jpg,10,0,0,100.0,SAFE,2026-03-03 15:16:39
005718_jpg.rf.f8ebb043be907ea8c9ae4aee8476703f.jpg,1,0,0,100.0,SAFE,2026-03-03 15:16:39
005719_jpg.rf.1090731af3d33f91e647c961644cbc80.jpg,1,0,0,100.0,SAFE,2026-03-03 15:16:39
005720_jpg.rf.230329b2a3c1a09b3521719a08afe94a.jpg,1,0,0,100.0,SAFE,2026-03-03 15:16:39
005721_jpg.rf.3e3963232de68709b0f594910726fcf0.jpg,2,0,0,100.0,SAFE,2026-03-03 15:16:39
005722_jpg.rf.a3deb9929afc7559a63683050746d0b2.jpg,2,0,0,100.0,SAFE,2026-03-03 15:16:39
005723_jpg.rf.590a3ff6f14685697474de7038f1c1d8.jpg,7,0,0,100.0,SAFE,2026-03-03 15:16:39
005724_jpg.rf.03885accb8cf7d37fb5b4745aa8e589d.jpg,1,0,0,100.0,SAFE,2026-03-03 15:16:39
005725_jpg.rf.63761e6a67e6fc089067d313d268f4ad.jpg,2,0,0,100.0,SAFE,2026-03-03 15:16:40
005726_jpg.rf.1989f24ecd251aca8a5c2df3d06c0fcf.jpg,2,0,0,100.0,SAFE,2026-03-03 15:16:40
005727_jpg.rf.30df62194d47c6e4eb9637b1221d3b8f.jpg,1,6,0,14.29,VIOLATION,2026-03-03 15:16:40
005728_jpg.rf.7e65d45fa4b4706977ad7643aacf37a6.jpg,1,0,0,100.0,SAFE,2026-03-03 15:16:40
005729_jpg.rf.2d5ca9513db687af8d090d8c9943f340.jpg,3,0,0,100.0,SAFE,2026-03-03 15:16:40
005730_jpg.rf.0dd301777b911acd2c9cbe6b72b391b3.jpg,4,0,0,100.0,SAFE,2026-03-03 15:16:40
005731_jpg.rf.df4d63a35be0e9033c7e827822af3d48.jpg,2,0,0,100.0,SAFE,2026-03-03 15:16:40
005732_jpg.rf.ff0b07c83c45ffcca2cf05ba0d5b3e3e.jpg,2,0,0,100.0,SAFE,2026-03-03 15:16:40
005733_jpg.rf.7a23e6be582e7673178172b4070491f9.jpg,2,0,0,100.0,SAFE,2026-03-03 15:16:40
005734_jpg.rf.953bac1dabd415b705de5dcf5cb8792c.jpg,6,0,0,100.0,SAFE,2026-03-03 15:16:40
005735_jpg.rf.bd6c2c25dd99f2d8fa73b221cd81170f.jpg,2,0,0,100.0,SAFE,2026-03-03 15:16:40
005736_jpg.rf.1be5bb09ed89964705a012dc01e7160a.jpg,1,0,0,100.0,SAFE,2026-03-03 15:16:40
005737_jpg.rf.cd981b3d06caf1850562f1c723090330.jpg,1,0,0,100.0,SAFE,2026-03-03 15:16:40
005738_jpg.rf.547dd8f59d507b11b971fbb5d430d236.jpg,3,0,0,100.0,SAFE,2026-03-03 15:16:40
005739_jpg.rf.810f9aa01f8c8a9e6f9dbaec10ac3d00.jpg,8,2,0,80.0,VIOLATION,2026-03-03 15:16:41
005740_jpg.rf.f97adbbf2d4d3503a33858e11a89e41c.jpg,4,0,0,100.0,SAFE,2026-03-03 15:16:41
005741_jpg.rf.8baa86e69fe80a2a7cfe9e076c37c729.jpg,1,0,0,100.0,SAFE,2026-03-03 15:16:41
005742_jpg.rf.0dc9a8a5b0dfc24ca828c9aea8675734.jpg,2,0,0,100.0,SAFE,2026-03-03 15:16:41
005743_jpg.rf.060f3ffaf3a0e36670661808fe0d3dd0.jpg,4,0,0,100.0,SAFE,2026-03-03 15:16:41
005744_jpg.rf.cb2abbedcf2de153a8fab2635057aa08.jpg,0,10,0,0.0,VIOLATION,2026-03-03 15:16:41
005745_jpg.rf.0d6f5c92c2537209022ecf04fb7dadc4.jpg,1,0,0,100.0,SAFE,2026-03-03 15:16:41
005746_jpg.rf.6fb4f954a3bb354f628420a285b5c537.jpg,2,0,0,100.0,SAFE,2026-03-03 15:16:41
005747_jpg.rf.c4940dcf96a596cc43bb1b362a5c8e53.jpg,1,0,0,100.0,SAFE,2026-03-03 15:16:41
005748_jpg.rf.c89ff31bfaeaa8c4236e99f23ccbdc7f.jpg,2,0,0,100.0,SAFE,2026-03-03 15:16:41
005749_jpg.rf.60d4f66b0c91bc96713bc3f93fd34be8.jpg,1,0,0,100.0,SAFE,2026-03-03 15:16:41
005750_jpg.rf.6d8d8b78833c28a906d1cd7e280d8743.jpg,1,0,0,100.0,SAFE,2026-03-03 15:16:41
005751_jpg.rf.f593bbf0908255cfde76ae2a3a817a36.jpg,1,0,0,100.0,SAFE,2026-03-03 15:16:41
005752_jpg.rf.1c0e94ec7acb505fc6eebaa3739f4ca3.jpg,2,0,0,100.0,SAFE,2026-03-03 15:16:42
005753_jpg.rf.7c4375b928dd2697d78151a72bcea4e1.jpg,1,0,0,100.0,SAFE,2026-03-03 15:16:42
005754_jpg.rf.8458f99ce0e9200fd8843ba771a21c72.jpg,2,1,0,66.67,VIOLATION,2026-03-03 15:16:42
005755_jpg.rf.6b394b6350ec960967a8282c9ae41642.jpg,2,0,0,100.0,SAFE,2026-03-03 15:16:42
005756_jpg.rf.a9d7d5fad6e977895a3d884e37058073.jpg,2,0,0,100.0,SAFE,2026-03-03 15:16:42
005757_jpg.rf.0bd8bd6ea7df86253a76a869597ce648.jpg,3,0,0,100.0,SAFE,2026-03-03 15:16:42
005758_jpg.rf.3e3b6f8c21b4e3035c0a87d9a4a69d04.jpg,2,0,0,100.0,SAFE,2026-03-03 15:16:42
005759_jpg.rf.2dc5e994d843759bad4a051e08f5f7d3.jpg,2,0,0,100.0,SAFE,2026-03-03 15:16:42
005760_jpg.rf.43cd4ac4338323e9c0f8e82033facf94.jpg,1,0,0,100.0,SAFE,2026-03-03 15:16:42
005761_jpg.rf.5043b2f6f5854042b7223f7aad9044b2.jpg,1,0,0,100.0,SAFE,2026-03-03 15:16:42
005762_jpg.rf.76876c4d9066bd284ece452a14a73984.jpg,3,0,0,100.0,SAFE,2026-03-03 15:16:42
005763_jpg.rf.327c1c5e85caa63c085b85346e54457f.jpg,0,9,0,0.0,VIOLATION,2026-03-03 15:16:42
005764_jpg.rf.f7afe02d3b2395cc7a4ccaf7f6e713cf.jpg,1,0,0,100.0,SAFE,2026-03-03 15:16:42
005765_jpg.rf.e6adf409c8b048d9f9760d1665b06a65.jpg,2,0,0,100.0,SAFE,2026-03-03 15:16:43
005766_jpg.rf.f51f82dbadcf4177b42c2d51f3b3f1af.jpg,2,0,0,100.0,SAFE,2026-03-03 15:16:43
005767_jpg.rf.7f476506b593ea0d50e8f60f0d05b45a.jpg,3,0,0,100.0,SAFE,2026-03-03 15:16:43
005768_jpg.rf.a7cd25dbb74e870aa2bb998d419e12b3.jpg,2,0,0,100.0,SAFE,2026-03-03 15:16:43
005769_jpg.rf.04a92e10acea42affcda09dcb169a0fc.jpg,3,0,0,100.0,SAFE,2026-03-03 15:16:43
005770_jpg.rf.c5088730b5ac919b4c4b4749346617a1.jpg,1,0,0,100.0,SAFE,2026-03-03 15:16:43
005771_jpg.rf.3edc8b333b609ce051d7b3ac8f259020.jpg,3,2,0,60.0,VIOLATION,2026-03-03 15:16:43
005772_jpg.rf.a5d261f6380e6a6d2cfc49e0f8050787.jpg,4,0,0,100.0,SAFE,2026-03-03 15:16:43
005773_jpg.rf.d8767d4689ed207d8a9cc49e1862a2c1.jpg,0,0,0,100.0,SAFE,2026-03-03 15:16:43
005774_jpg.rf.59185400f5c6423c6b02cb61c62165ec.jpg,1,0,0,100.0,SAFE,2026-03-03 15:16:43
005775_jpg.rf.8e7dd205da293c90faf9efea66d16466.jpg,2,0,0,100.0,SAFE,2026-03-03 15:16:43
005776_jpg.rf.ab953a9a1c6bd7c9e1c3b6c873d4ccd0.jpg,6,0,0,100.0,SAFE,2026-03-03 15:16:43
005777_jpg.rf.8cbc6f66b854e8c8570c64bc91b1ea41.jpg,1,0,0,100.0,SAFE,2026-03-03 15:16:43
005778_jpg.rf.ec0f11f322e0c6dfe0c236f70ec61dc9.jpg,16,0,0,100.0,SAFE,2026-03-03 15:16:43
005779_jpg.rf.bf3c9369c1bef2ee5e852f424a6327f1.jpg,0,9,0,0.0,VIOLATION,2026-03-03 15:16:44
005780_jpg.rf.7b0213ba563443d9841b6c9d7d310e32.jpg,4,0,0,100.0,SAFE,2026-03-03 15:16:44
005781_jpg.rf.efc65b45c9759a82ed8fdb08cff5566b.jpg,2,0,0,100.0,SAFE,2026-03-03 15:16:44
005782_jpg.rf.86f8fb3452fda8f83e144fda410b877e.jpg,2,0,0,100.0,SAFE,2026-03-03 15:16:44
005783_jpg.rf.554af5fd8db058b12638e298e3ac5f6a.jpg,0,0,0,100.0,SAFE,2026-03-03 15:16:44
005784_jpg.rf.aa80cfb3a2e1743d3d55161ef02ef357.jpg,1,1,0,50.0,VIOLATION,2026-03-03 15:16:44
005785_jpg.rf.76569cf43e3d487dd664ee8dd5b46c09.jpg,0,14,0,0.0,VIOLATION,2026-03-03 15:16:44
005786_jpg.rf.35853faa8809117c07e96ba3d53f7caf.jpg,0,8,0,0.0,VIOLATION,2026-03-03 15:16:44
005787_jpg.rf.e448da6208fa3e2b23e412318efd7c2b.jpg,2,0,0,100.0,SAFE,2026-03-03 15:16:44
005788_jpg.rf.b7c2dbd75b93dfc78cc0784e87a80f06.jpg,1,0,0,100.0,SAFE,2026-03-03 15:16:44
005789_jpg.rf.c48012aa7d5711250a19724e52af6a1a.jpg,1,5,0,16.67,VIOLATION,2026-03-03 15:16:44
005790_jpg.rf.92964602811f04823aecdc0257ed0d94.jpg,4,2,0,66.67,VIOLATION,2026-03-03 15:16:44
005791_jpg.rf.8411b0d03eef2a6297901bf016b95cdd.jpg,3,0,0,100.0,SAFE,2026-03-03 15:16:45
005792_jpg.rf.2c2e47c580db4831e8b8fcedb76318e8.jpg,4,0,0,100.0,SAFE,2026-03-03 15:16:45
005793_jpg.rf.fdede616af27281779219f3e8e901f12.jpg,3,0,0,100.0,SAFE,2026-03-03 15:16:45
005794_jpg.rf.71dcaefa70a9e73daada945e05e9f653.jpg,0,12,0,0.0,VIOLATION,2026-03-03 15:16:45
005795_jpg.rf.8c98001569688829f7097d6ae160f1a4.jpg,1,4,0,20.0,VIOLATION,2026-03-03 15:16:45
005796_jpg.rf.5f43ba1f98fa0fd72d0c2b9c89e4ba1d.jpg,2,0,0,100.0,SAFE,2026-03-03 15:16:45
005797_jpg.rf.f2dfa09b00923e869220211b1805e0a5.jpg,3,0,0,100.0,SAFE,2026-03-03 15:16:45
005798_jpg.rf.63e968f88dae0734e7bd75315d3c453c.jpg,1,0,0,100.0,SAFE,2026-03-03 15:16:45
005799_jpg.rf.4754d63e877631ede96ff608b879b25a.jpg,0,7,0,0.0,VIOLATION,2026-03-03 15:16:45
005800_jpg.rf.e346b42e1dfa903509e7a3ef161ccac4.jpg,2,0,0,100.0,SAFE,2026-03-03 15:16:45
005801_jpg.rf.c802c739cc2cbe67fc5ee0dd1afec7d0.jpg,2,0,0,100.0,SAFE,2026-03-03 15:16:45
005802_jpg.rf.c9d107f9f15bd6d729f84a17848b67af.jpg,2,0,0,100.0,SAFE,2026-03-03 15:16:45
005803_jpg.rf.51338f7eba2d554b9ebf64401b929f71.jpg,2,0,0,100.0,SAFE,2026-03-03 15:16:45
005804_jpg.rf.aeb646a82eb717790fa6ffbad330b98f.jpg,3,0,0,100.0,SAFE,2026-03-03 15:16:46
005805_jpg.rf.35f368c69bd8354464c66933474f7e77.jpg,3,0,0,100.0,SAFE,2026-03-03 15:16:46
005806_jpg.rf.cbbaffcef4f09f56e5ba5e7da1c8f251.jpg,3,0,0,100.0,SAFE,2026-03-03 15:16:46
005807_jpg.rf.24204abf3e4fde6d11b388e625cd5f9d.jpg,1,0,0,100.0,SAFE,2026-03-03 15:16:46
005808_jpg.rf.7e7142849398ad92050ad7593d2732f2.jpg,1,0,0,100.0,SAFE,2026-03-03 15:16:46
005809_jpg.rf.356f03c567377fc8fc1491563e199dee.jpg,3,0,0,100.0,SAFE,2026-03-03 15:16:46
005810_jpg.rf.c1cfd7f1ad305847b0fc59a10f91dfa7.jpg,6,0,0,100.0,SAFE,2026-03-03 15:16:46
005811_jpg.rf.ad1250770c421aebfbee40035916821a.jpg,0,6,0,0.0,VIOLATION,2026-03-03 15:16:46
005812_jpg.rf.decddb6890f8234af0f6f674c0ca63c4.jpg,12,1,0,92.31,VIOLATION,2026-03-03 15:16:46
005813_jpg.rf.e6848c0ab17d02fd9cf2a8f4c70eea79.jpg,2,0,0,100.0,SAFE,2026-03-03 15:16:46
005814_jpg.rf.e2d190a0043d28a2ba208da61e8a5ba1.jpg,2,0,0,100.0,SAFE,2026-03-03 15:16:46
005815_jpg.rf.c2c83355cbb2084db600770c21d5eaad.jpg,0,9,0,0.0,VIOLATION,2026-03-03 15:16:46
005816_jpg.rf.cc896872a161fdf9d2430db87696dcce.jpg,1,0,0,100.0,SAFE,2026-03-03 15:16:47
005817_jpg.rf.005bdcf16a0059788e2445bec4d1b351.jpg,3,0,0,100.0,SAFE,2026-03-03 15:16:47
005818_jpg.rf.b3b922e1385b3349f773ab5f67d337df.jpg,0,8,0,0.0,VIOLATION,2026-03-03 15:16:47
005819_jpg.rf.7a07402e1066954647aacaaa9487094b.jpg,5,0,0,100.0,SAFE,2026-03-03 15:16:47
005820_jpg.rf.e406895848057be44821846fe04187d0.jpg,2,0,0,100.0,SAFE,2026-03-03 15:16:47
005821_jpg.rf.969d1095d9f5b38f33401fe845507199.jpg,1,0,0,100.0,SAFE,2026-03-03 15:16:47
005822_jpg.rf.15d3c7fc9c3114cae16de5bcb944480f.jpg,3,0,0,100.0,SAFE,2026-03-03 15:16:47
005823_jpg.rf.490373f0596b611e83280949062eef4c.jpg,1,0,0,100.0,SAFE,2026-03-03 15:16:47
005824_jpg.rf.0ab25fd9fb18c93805b5c013de878d4e.jpg,2,0,0,100.0,SAFE,2026-03-03 15:16:47
005825_jpg.rf.aa472de4d540bfecd810cd74e2ac3841.jpg,1,6,0,14.29,VIOLATION,2026-03-03 15:16:47
005826_jpg.rf.9c5d00f66e1fa1f4a119f66ac99ead96.jpg,4,0,0,100.0,SAFE,2026-03-03 15:16:47
005827_jpg.rf.22e067486d0a729f31d27c3a55a8df9d.jpg,0,5,0,0.0,VIOLATION,2026-03-03 15:16:47
005828_jpg.rf.17a104d6658c8f4a021094cd86db03a7.jpg,2,0,0,100.0,SAFE,2026-03-03 15:16:48
005829_jpg.rf.773b08a2357bf13ca8fe54173130fbd5.jpg,4,0,0,100.0,SAFE,2026-03-03 15:16:48
005830_jpg.rf.ec63045469e0e35344fd82ac01ae1f0c.jpg,6,2,0,75.0,VIOLATION,2026-03-03 15:16:48
005831_jpg.rf.01254f77ddee6354206a93af7549af74.jpg,5,0,0,100.0,SAFE,2026-03-03 15:16:48
005832_jpg.rf.103b1e3ff2263084faa9fb2ebf22bb23.jpg,0,9,0,0.0,VIOLATION,2026-03-03 15:16:48
005833_jpg.rf.cc3af973f84738e66db4546336fbad4b.jpg,3,0,0,100.0,SAFE,2026-03-03 15:16:48
005834_jpg.rf.72fac345aa13034ca46e5f78eb554b58.jpg,0,6,0,0.0,VIOLATION,2026-03-03 15:16:48
005835_jpg.rf.c24b58eff27c28db3e0a816fe3b0fc9a.jpg,6,0,0,100.0,SAFE,2026-03-03 15:16:48
005836_jpg.rf.8517c5f1b2c4aeaf357e102b8fac665c.jpg,2,0,0,100.0,SAFE,2026-03-03 15:16:48
005837_jpg.rf.65f0ca257fb52f645a8a716673874012.jpg,0,0,0,100.0,SAFE,2026-03-03 15:16:48
005838_jpg.rf.46553e3b75f8d093a5962b7303460255.jpg,3,0,0,100.0,SAFE,2026-03-03 15:16:48
005839_jpg.rf.b36988f1d1833d8f2765499d74e35c44.jpg,3,0,0,100.0,SAFE,2026-03-03 15:16:48
005840_jpg.rf.d8bc2cbe4dd058d21c9a1f057bfd0025.jpg,2,0,0,100.0,SAFE,2026-03-03 15:16:49
005841_jpg.rf.03f266d40a83928d936a96705caa6529.jpg,9,0,0,100.0,SAFE,2026-03-03 15:16:49
005842_jpg.rf.d42d44987b9a22a570879278a986fba8.jpg,1,0,0,100.0,SAFE,2026-03-03 15:16:49
005843_jpg.rf.aa9402b6303f9ea698bfa07e344c6f17.jpg,2,0,0,100.0,SAFE,2026-03-03 15:16:49
005844_jpg.rf.13f72444610d79a9909d89c2c7f9da62.jpg,0,9,0,0.0,VIOLATION,2026-03-03 15:16:49
005845_jpg.rf.dc4f4e753b0de938b12cefe8bdbd6c82.jpg,3,0,0,100.0,SAFE,2026-03-03 15:16:49
005846_jpg.rf.fdcf66839534ec4c5d91212fa7bba319.jpg,2,0,0,100.0,SAFE,2026-03-03 15:16:49
005847_jpg.rf.91ddd8a333bfeb7d0c7dc33ea395ee7c.jpg,0,6,0,0.0,VIOLATION,2026-03-03 15:16:49
005848_jpg.rf.72ab90bd16d91ddb09775972130b6510.jpg,2,1,0,66.67,VIOLATION,2026-03-03 15:16:49
005849_jpg.rf.9436f66e3362b901143436d5a1fb750e.jpg,3,0,1,100.0,SAFE,2026-03-03 15:16:49
005850_jpg.rf.b6dbb349c8bf25cb1b9217be1b69ee8c.jpg,4,0,0,100.0,SAFE,2026-03-03 15:16:49
005851_jpg.rf.9ecc8e11d9a1dc9ef2c4e69eb72482ed.jpg,1,0,0,100.0,SAFE,2026-03-03 15:16:49
005852_jpg.rf.5d681f75fe2830cdc6bd9c40e35fadbd.jpg,3,0,0,100.0,SAFE,2026-03-03 15:16:50
005853_jpg.rf.6b4840d3828d1a012765cf1cd7eb928c.jpg,5,0,0,100.0,SAFE,2026-03-03 15:16:50
005854_jpg.rf.85cc8d132ee5304d130834aa21ab2790.jpg,1,0,0,100.0,SAFE,2026-03-03 15:16:50
005855_jpg.rf.60b1290ff1759e306c0a9e8d86f4688a.jpg,3,0,0,100.0,SAFE,2026-03-03 15:16:50
005856_jpg.rf.bbfebd4683085f56bee6028037bfd422.jpg,2,0,0,100.0,SAFE,2026-03-03 15:16:50
005857_jpg.rf.e467562c63770a9277eef59921c281c2.jpg,0,14,0,0.0,VIOLATION,2026-03-03 15:16:50
005858_jpg.rf.ce556177ed28044f42c079b179447cf7.jpg,2,0,0,100.0,SAFE,2026-03-03 15:16:50
005859_jpg.rf.f85282fef5ce6d8e5fea7e24bd00a096.jpg,1,0,0,100.0,SAFE,2026-03-03 15:16:50
005860_jpg.rf.16b47beee41756b118b7ddb5c5e888b8.jpg,7,1,0,87.5,VIOLATION,2026-03-03 15:16:50
005861_jpg.rf.ae474e2c875ac31b439a15e25b9d9f3a.jpg,1,0,0,100.0,SAFE,2026-03-03 15:16:50
005862_jpg.rf.4652bf59b7f3f68300b64fbd777cd8c2.jpg,3,0,0,100.0,SAFE,2026-03-03 15:16:50
005863_jpg.rf.2c75042bee346a7b489d124a92e6afdf.jpg,2,0,0,100.0,SAFE,2026-03-03 15:16:50
005864_jpg.rf.b5110b8f851d32c34326fe807eab8505.jpg,3,0,0,100.0,SAFE,2026-03-03 15:16:50
005865_jpg.rf.01f961ff674590077ea80f3e99d9daf0.jpg,0,7,0,0.0,VIOLATION,2026-03-03 15:16:51
005866_jpg.rf.5371413f505e4414ff2b720a4f6ac81c.jpg,4,0,0,100.0,SAFE,2026-03-03 15:16:51
005867_jpg.rf.c810596f813c8e6b69ec0014a04df4e7.jpg,2,0,0,100.0,SAFE,2026-03-03 15:16:51
005868_jpg.rf.7800d422623e385566bb842ccbc1ba30.jpg,1,0,0,100.0,SAFE,2026-03-03 15:16:51
005869_jpg.rf.0d0f4b46097ee837581a1807f4bf2810.jpg,3,0,0,100.0,SAFE,2026-03-03 15:16:51
005870_jpg.rf.e520ee8c72c22b3fae643f423e575537.jpg,4,0,0,100.0,SAFE,2026-03-03 15:16:51
005871_jpg.rf.efc0615742a69d54271992624308371f.jpg,1,0,0,100.0,SAFE,2026-03-03 15:16:51
005872_jpg.rf.fbf93ec2c6f3c94df578b4305dee9093.jpg,2,0,0,100.0,SAFE,2026-03-03 15:16:51
005873_jpg.rf.5f7ff11b707ce5cd7283df16bef805bd.jpg,3,0,0,100.0,SAFE,2026-03-03 15:16:51
005874_jpg.rf.f0067b2e6b8863a0ec8e3c92edc79ea6.jpg,1,0,0,100.0,SAFE,2026-03-03 15:16:51
005875_jpg.rf.671ff0c5982b06ba933c7c4e47fb1cf7.jpg,1,0,0,100.0,SAFE,2026-03-03 15:16:51
005876_jpg.rf.5e8a18bf9e2b8550fb4607ccb130020e.jpg,2,0,0,100.0,SAFE,2026-03-03 15:16:51
005877_jpg.rf.ad686171193670a3846450c3c0ca4f05.jpg,4,4,0,50.0,VIOLATION,2026-03-03 15:16:51
005878_jpg.rf.e26c7b14d385581540bdd86e499ceeeb.jpg,3,0,0,100.0,SAFE,2026-03-03 15:16:51
005879_jpg.rf.4cca00413775f6bd25e4a5659a42f2ae.jpg,1,0,0,100.0,SAFE,2026-03-03 15:16:52
005880_jpg.rf.b688ae7edc712a60af9b715e37f70ff2.jpg,13,0,0,100.0,SAFE,2026-03-03 15:16:52
005881_jpg.rf.cc555df6c7eacce7665e8c3b1c396873.jpg,1,0,0,100.0,SAFE,2026-03-03 15:16:52
005882_jpg.rf.f0c236b9fe99729ab8dde833433adcfb.jpg,2,0,0,100.0,SAFE,2026-03-03 15:16:52
005883_jpg.rf.56c23aba5f0dca43092aedc2c203ef38.jpg,6,1,0,85.71,VIOLATION,2026-03-03 15:16:52
005884_jpg.rf.83b4911f6d9995a3aaa60a729f32b966.jpg,2,0,0,100.0,SAFE,2026-03-03 15:16:52
005885_jpg.rf.cdb7edd7b636d93f1ce7670220794d45.jpg,0,0,0,100.0,SAFE,2026-03-03 15:16:52
005886_jpg.rf.46b3802a6215d943bd610e0651afd0e2.jpg,3,4,0,42.86,VIOLATION,2026-03-03 15:16:52
005887_jpg.rf.2aed71c9328d56a2a283fe64ee5f653c.jpg,10,0,0,100.0,SAFE,2026-03-03 15:16:52
005888_jpg.rf.15ac6db5ced2119f77d21fc31971ff08.jpg,1,0,0,100.0,SAFE,2026-03-03 15:16:52
005889_jpg.rf.a02fcc338b80d7005a9ac0dddbbdae1c.jpg,2,0,0,100.0,SAFE,2026-03-03 15:16:52
005890_jpg.rf.d9308486643922421b574ea5ba34f011.jpg,2,0,0,100.0,SAFE,2026-03-03 15:16:52
005891_jpg.rf.e6c0b2110f95cca82eb562e312b8eed8.jpg,1,0,0,100.0,SAFE,2026-03-03 15:16:52
005892_jpg.rf.0b485ebc753cffd279efccb0bfc990d8.jpg,5,0,0,100.0,SAFE,2026-03-03 15:16:53
005893_jpg.rf.ebf147a6ff7b4baf4c5028ec1cfe65d7.jpg,2,0,0,100.0,SAFE,2026-03-03 15:16:53
005894_jpg.rf.7367b29ed94a546964252b38f4e6eb90.jpg,5,0,0,100.0,SAFE,2026-03-03 15:16:53
005895_jpg.rf.1eb1fdb5f76fa0c5fd29b50d9ce6ef09.jpg,2,0,0,100.0,SAFE,2026-03-03 15:16:53
005896_jpg.rf.69f9fe1a0d1a7333ab54c3668d45a47b.jpg,1,0,0,100.0,SAFE,2026-03-03 15:16:53
005897_jpg.rf.50dfce818954540ea9caaa9b638761a6.jpg,5,0,0,100.0,SAFE,2026-03-03 15:16:53
005898_jpg.rf.b628ff28902f724eddc826c1b5631a2a.jpg,2,0,0,100.0,SAFE,2026-03-03 15:16:53
005899_jpg.rf.cabb91dc1aa05c96d226cff0a0176167.jpg,10,0,0,100.0,SAFE,2026-03-03 15:16:53
005900_jpg.rf.d9236b4797814e2ea68a95d02760933c.jpg,2,0,0,100.0,SAFE,2026-03-03 15:16:53
005901_jpg.rf.990094f3b4fa76b5d24a16f08767e950.jpg,3,0,0,100.0,SAFE,2026-03-03 15:16:53
005902_jpg.rf.8b903d9ba1931c95762b0f292a495adb.jpg,1,6,0,14.29,VIOLATION,2026-03-03 15:16:53
005903_jpg.rf.40179929764ef668608c62549beb81ba.jpg,1,0,0,100.0,SAFE,2026-03-03 15:16:53
005904_jpg.rf.c0b72c66490626bd41951e825a4c0850.jpg,2,0,0,100.0,SAFE,2026-03-03 15:16:53
005905_jpg.rf.ca0926c9dd71f2d67cba80e99deb190c.jpg,2,0,0,100.0,SAFE,2026-03-03 15:16:53
005906_jpg.rf.10669167dab05472d837676416f90544.jpg,1,0,0,100.0,SAFE,2026-03-03 15:16:54
005907_jpg.rf.9f2f4c1fe9ff817502b06e46fd2e231c.jpg,3,0,0,100.0,SAFE,2026-03-03 15:16:54
005908_jpg.rf.883052d20bfadc8932a6077b020d10f1.jpg,2,0,0,100.0,SAFE,2026-03-03 15:16:54
005909_jpg.rf.12d926f3af678e6a5fcfc7b10609556c.jpg,1,0,0,100.0,SAFE,2026-03-03 15:16:54
005910_jpg.rf.6c7d361bbd408749b644e76420bbd73f.jpg,8,0,0,100.0,SAFE,2026-03-03 15:16:54
005911_jpg.rf.3cdcc7234c2d80f0d608613f54cc31a1.jpg,2,0,0,100.0,SAFE,2026-03-03 15:16:54
005912_jpg.rf.c29f84112ba09415bd5ac923bad9e4e1.jpg,0,6,0,0.0,VIOLATION,2026-03-03 15:16:54
005913_jpg.rf.9efb16ec50ec42dbfa3e1a20a7ccbb79.jpg,1,0,0,100.0,SAFE,2026-03-03 15:16:54
005914_jpg.rf.04e24d43a1bb850bda248dc477f44441.jpg,3,0,0,100.0,SAFE,2026-03-03 15:16:54
005915_jpg.rf.49306b2e339f47937d237d42235543b2.jpg,4,0,0,100.0,SAFE,2026-03-03 15:16:54
005916_jpg.rf.46bbfc5740c961c200e68ecaedb63356.jpg,1,0,0,100.0,SAFE,2026-03-03 15:16:54
005917_jpg.rf.d9b1f7a86380a891698d3cdbc480f0e8.jpg,2,0,0,100.0,SAFE,2026-03-03 15:16:54
005918_jpg.rf.f32ec66207a908a5b8bf1ca3cc1b5783.jpg,2,0,0,100.0,SAFE,2026-03-03 15:16:54
005919_jpg.rf.9edb2252b55c6f28b7298b244e20e7bd.jpg,0,11,0,0.0,VIOLATION,2026-03-03 15:16:55
005920_jpg.rf.6845f35c8eaa09251bcd2e4baa3b1677.jpg,1,0,0,100.0,SAFE,2026-03-03 15:16:55
005921_jpg.rf.b67b145ce7e9f1c8dd0bfa55271df52c.jpg,6,0,0,100.0,SAFE,2026-03-03 15:16:55
005922_jpg.rf.eb78f2c70eca3fecc8352def33edabf8.jpg,2,0,0,100.0,SAFE,2026-03-03 15:16:55
005923_jpg.rf.8e1d870d2c4659a0f76556ac0d2cb6d9.jpg,3,0,0,100.0,SAFE,2026-03-03 15:16:55
005924_jpg.rf.be8712f1b7893c8bfe8ff9fe53f9d6ca.jpg,3,0,0,100.0,SAFE,2026-03-03 15:16:55
005925_jpg.rf.57c6357c891eb9faa2309680de28a42b.jpg,1,0,0,100.0,SAFE,2026-03-03 15:16:55
005926_jpg.rf.212f0ac5044a714f6b4d0000419f1c62.jpg,1,0,0,100.0,SAFE,2026-03-03 15:16:55
005927_jpg.rf.b8dd950c6e54ce9375ce447525ed770e.jpg,2,0,0,100.0,SAFE,2026-03-03 15:16:55
005928_jpg.rf.10bf69be0c9e4f11f4b8f909b0b9e969.jpg,1,0,0,100.0,SAFE,2026-03-03 15:16:55
005929_jpg.rf.a885fd0515a23ec87242f461091ec090.jpg,2,8,0,20.0,VIOLATION,2026-03-03 15:16:55
005930_jpg.rf.a02756da017ce459fe6d639d7318c329.jpg,0,6,0,0.0,VIOLATION,2026-03-03 15:16:55
005931_jpg.rf.23aeb4829d728fc03e434d5142d593b3.jpg,0,7,0,0.0,VIOLATION,2026-03-03 15:16:55
005932_jpg.rf.22fc9269728e44d34946287f4478714a.jpg,1,0,0,100.0,SAFE,2026-03-03 15:16:56
005933_jpg.rf.023bb7edc762a73061b2d016f977f9c9.jpg,2,0,0,100.0,SAFE,2026-03-03 15:16:56
005934_jpg.rf.53de78d4f876cd57d499c96d6f742ad3.jpg,0,10,0,0.0,VIOLATION,2026-03-03 15:16:56
005935_jpg.rf.b82120daa44ac6b767ec33b631dc2652.jpg,2,0,0,100.0,SAFE,2026-03-03 15:16:56
005936_jpg.rf.a272244ac3596c578266442cd41b250f.jpg,4,0,0,100.0,SAFE,2026-03-03 15:16:56
005937_jpg.rf.2fdc115a901469c26826e250affedb7b.jpg,2,0,0,100.0,SAFE,2026-03-03 15:16:56
005938_jpg.rf.1e5b8576dcb37d30d16782caace05d6d.jpg,4,0,0,100.0,SAFE,2026-03-03 15:16:56
005939_jpg.rf.9f91e197bff9be978b650094cb80ebe2.jpg,11,0,0,100.0,SAFE,2026-03-03 15:16:56
005940_jpg.rf.67db7a134c11c5aaa6311a28ea90bbac.jpg,6,1,0,85.71,VIOLATION,2026-03-03 15:16:56
005941_jpg.rf.4bad04d7cff65e690a53d56330000e89.jpg,1,0,0,100.0,SAFE,2026-03-03 15:16:56
005942_jpg.rf.c246b8337b0dac9660bfc0a72062cce7.jpg,3,0,0,100.0,SAFE,2026-03-03 15:16:56
005943_jpg.rf.0a277cdf7183889a56463fec46dff8d0.jpg,2,0,0,100.0,SAFE,2026-03-03 15:16:56
005944_jpg.rf.ea34e19dee654e683f20fb430287d7ea.jpg,5,0,0,100.0,SAFE,2026-03-03 15:16:56
005945_jpg.rf.1629a61077483b2d71e616285d2e801d.jpg,1,0,0,100.0,SAFE,2026-03-03 15:16:57
005946_jpg.rf.a2a10302d3bd5f0659cae6bb76213821.jpg,3,0,0,100.0,SAFE,2026-03-03 15:16:57
005947_jpg.rf.d3013b7b0c7f09edb2ca97efd985be0a.jpg,4,0,0,100.0,SAFE,2026-03-03 15:16:57
005948_jpg.rf.d920018cf23a64729aad293192d5b831.jpg,1,0,0,100.0,SAFE,2026-03-03 15:16:57
005949_jpg.rf.b32ff472a097943f1a164a1c8e10912b.jpg,0,14,0,0.0,VIOLATION,2026-03-03 15:16:57
005950_jpg.rf.e3b3e1f6442e76fe11fdffe5fee19770.jpg,3,0,0,100.0,SAFE,2026-03-03 15:16:57
005951_jpg.rf.b55b3d587995924b42c40bd2728509a4.jpg,2,0,0,100.0,SAFE,2026-03-03 15:16:57
005952_jpg.rf.234260dcc84a33badb923d8e947ace0b.jpg,1,1,0,50.0,VIOLATION,2026-03-03 15:16:57
005953_jpg.rf.86002f5906d5a0f9161b5ea82caeea5b.jpg,6,1,0,85.71,VIOLATION,2026-03-03 15:16:57
005954_jpg.rf.61c779671ccf675dbdbedc0e0f478ff8.jpg,3,0,0,100.0,SAFE,2026-03-03 15:16:57
005955_jpg.rf.21a0744ccd704f383a421e338be89a7d.jpg,2,0,0,100.0,SAFE,2026-03-03 15:16:57
005956_jpg.rf.ee564befe88aafb53007c62a5f7de544.jpg,1,0,0,100.0,SAFE,2026-03-03 15:16:57
005957_jpg.rf.121d39f1c5b8ed30c680801d01d2ac9d.jpg,2,0,0,100.0,SAFE,2026-03-03 15:16:57
005958_jpg.rf.a25e6800c83a13b879ee58f017538d38.jpg,3,0,0,100.0,SAFE,2026-03-03 15:16:57
005959_jpg.rf.0317092b4b2f1595f53a6f192244e1ef.jpg,1,0,0,100.0,SAFE,2026-03-03 15:16:58
005960_jpg.rf.e36b1d8e80b61b93e90f29db1a5cd94a.jpg,1,0,0,100.0,SAFE,2026-03-03 15:16:58
005961_jpg.rf.b576b0fd602beda633645319dbfe888f.jpg,10,0,0,100.0,SAFE,2026-03-03 15:16:58
005962_jpg.rf.0c296fe1af102a1511fda509a8917e16.jpg,5,0,0,100.0,SAFE,2026-03-03 15:16:58
005963_jpg.rf.306145a8b4f5dc2139ff706823362278.jpg,2,0,0,100.0,SAFE,2026-03-03 15:16:58
005964_jpg.rf.186b45a552ff0b1767ce3591ccb3439a.jpg,3,0,0,100.0,SAFE,2026-03-03 15:16:58
005965_jpg.rf.f7c9d1a09ca76ef0ed78368a049ac263.jpg,3,0,0,100.0,SAFE,2026-03-03 15:16:58
005966_jpg.rf.5d8694a0cb3232542217b8d90ffae84d.jpg,2,0,0,100.0,SAFE,2026-03-03 15:16:58
005967_jpg.rf.7a2072a87b50060543f03cc378bbf83a.jpg,2,0,0,100.0,SAFE,2026-03-03 15:16:58
005968_jpg.rf.dcdf69a754e21d3515216c1beff11b08.jpg,1,0,0,100.0,SAFE,2026-03-03 15:16:58
005969_jpg.rf.75ce3c4423ec27fe3e88ba66c2a70a4e.jpg,2,0,0,100.0,SAFE,2026-03-03 15:16:58
005970_jpg.rf.10e6f99ec37912f60b86d796fbcde635.jpg,1,2,0,33.33,VIOLATION,2026-03-03 15:16:58
005971_jpg.rf.21a330b7547d69f9bc6aa146b39be307.jpg,2,0,0,100.0,SAFE,2026-03-03 15:16:58
005972_jpg.rf.74b3475b6c704316904951138841977b.jpg,1,0,0,100.0,SAFE,2026-03-03 15:16:59
005973_jpg.rf.391de4e3981d203760e5e0415c11ec1c.jpg,6,0,0,100.0,SAFE,2026-03-03 15:16:59
005974_jpg.rf.36329bf29da98f1808e1ef218032d668.jpg,5,1,0,83.33,VIOLATION,2026-03-03 15:16:59
005975_jpg.rf.c6317035c1d90a7fe517a6c1e1fb516b.jpg,1,2,0,33.33,VIOLATION,2026-03-03 15:16:59
005976_jpg.rf.b90a9d0f59c196e7c979a64d8d6b49c4.jpg,1,0,0,100.0,SAFE,2026-03-03 15:16:59
005977_jpg.rf.56828d68de5c402ff3fbb8dd042675fc.jpg,1,0,0,100.0,SAFE,2026-03-03 15:16:59
005978_jpg.rf.86fc74b043b62d1722a7d4f479246d83.jpg,12,0,0,100.0,SAFE,2026-03-03 15:16:59
005979_jpg.rf.bbf779da4a816aebb0fb780a699f3b18.jpg,3,0,3,100.0,SAFE,2026-03-03 15:16:59
005980_jpg.rf.d04299f91b627b4effc367d17f65be77.jpg,2,0,0,100.0,SAFE,2026-03-03 15:16:59
005981_jpg.rf.df27117980aed6de84792117c1823033.jpg,6,0,0,100.0,SAFE,2026-03-03 15:16:59
005982_jpg.rf.c161ddb6a7093f1cb9ffad5dde0fac0f.jpg,1,0,0,100.0,SAFE,2026-03-03 15:16:59
005983_jpg.rf.7bd7f6a3b353962e7c23cc0475991a04.jpg,2,0,0,100.0,SAFE,2026-03-03 15:16:59
005984_jpg.rf.281d8818d41d618d700d34571c43377b.jpg,3,0,0,100.0,SAFE,2026-03-03 15:16:59
005985_jpg.rf.7880fb82cc1f2b1cc12231d104ccbf31.jpg,2,0,0,100.0,SAFE,2026-03-03 15:17:00
005986_jpg.rf.f962fe29a067d24fd04efdbdda11cd92.jpg,2,1,0,66.67,VIOLATION,2026-03-03 15:17:00
005987_jpg.rf.bcd01d46af720ab00ed79ed5555a1ba0.jpg,0,11,0,0.0,VIOLATION,2026-03-03 15:17:00
005988_jpg.rf.7b0f152c1157a4be77cca183b82caeb1.jpg,0,13,0,0.0,VIOLATION,2026-03-03 15:17:00
005989_jpg.rf.e266c8053ff0c2731ecfdd7d17fa9386.jpg,1,0,0,100.0,SAFE,2026-03-03 15:17:00
005990_jpg.rf.33337b4bc55ba8b0b709bb10054046ce.jpg,9,0,0,100.0,SAFE,2026-03-03 15:17:00
005991_jpg.rf.6f1da21908dd35767dde300438247454.jpg,1,0,0,100.0,SAFE,2026-03-03 15:17:00
005992_jpg.rf.d4534730cbbb549e81ad592a10318d38.jpg,1,0,0,100.0,SAFE,2026-03-03 15:17:00
005993_jpg.rf.a907884cfd60694b255e1e82e830c328.jpg,2,0,0,100.0,SAFE,2026-03-03 15:17:00
005994_jpg.rf.3183bf37ec20ee679ae233b17c59ec43.jpg,3,0,0,100.0,SAFE,2026-03-03 15:17:00
005995_jpg.rf.62791a21fc0f975f60e979460d727f7c.jpg,4,0,0,100.0,SAFE,2026-03-03 15:17:00
005996_jpg.rf.40fc121bba0e8172ce93ebddab21ed17.jpg,2,0,0,100.0,SAFE,2026-03-03 15:17:00
005997_jpg.rf.9e89cdfb8458b07021cf0c78bf3a842e.jpg,1,0,0,100.0,SAFE,2026-03-03 15:17:00
005998_jpg.rf.29282e0322f201fc53ac8a636e6bea98.jpg,2,0,0,100.0,SAFE,2026-03-03 15:17:00
005999_jpg.rf.0c6c022cf0709b128d2313a02df8a401.jpg,0,10,0,0.0,VIOLATION,2026-03-03 15:17:01
006000_jpg.rf.f0d8dbd0b8b47b7dadbf60f328a0b6b0.jpg,2,0,0,100.0,SAFE,2026-03-03 15:17:01
006001_jpg.rf.6060ae74cff84d970980222f00364567.jpg,2,0,0,100.0,SAFE,2026-03-03 15:17:01
006002_jpg.rf.909623a9245417a8f2801dd535229194.jpg,2,0,0,100.0,SAFE,2026-03-03 15:17:01
006003_jpg.rf.e41d3d3c34543e9b3e6536b155f05f13.jpg,6,0,0,100.0,SAFE,2026-03-03 15:17:01
